Workbook

Sheet A
B1: Báo cáo sản lượng hàng ngày
A3: Tháng
A4: Đội
A5: Phiên cạo | B5: A
A7: STT | B7: Mã Tổ | C7: Mã Công nhân | D7: Lô | E7: Mã phần cạo | F7: Mặt cạo | G7: Số cây cạo | H7: Giống | I7: Thông tin sản lượng theo ngày
I8: 1 | L8: 2 | O8: 3 | R8: 4 | U8: 5 | X8: 6 | AA8: 7 | AD8: 8 | AG8: 9 | AJ8: 10 | AM8: 11 | AP8: 12 | AS8: 13 | AV8: 14 | AY8: 15 | BB8: 16 | BE8: 17 | BH8: 18 | BK8: 19 | BN8: 20 | BQ8: 21 | BT8: 22 | BW8: 23 | BZ8: 24 | CC8: 25 | CF8: 26 | CI8: 27 | CL8: 28 | CO8: 29 | CR8: 30 | CU8: 31 | CX8: Tổng | CZ8: Tổng
I9: Sản lượng (kg) | J9: số nhát thu mủ | K9: NSBQ (kg/lát) | L9: Sản lượng (kg) | M9: số nhát thu mủ | N9: NSBQ (kg/lát) | O9: Sản lượng (kg) | P9: số nhát thu mủ | Q9: NSBQ (kg/lát) | R9: Sản lượng (kg) | S9: số nhát thu mủ | T9: NSBQ (kg/lát) | U9: Sản lượng (kg) | V9: số nhát thu mủ | W9: NSBQ (kg/lát) | X9: Sản lượng (kg) | Y9: số nhát thu mủ | Z9: NSBQ (kg/lát) | AA9: Sản lượng (kg) | AB9: số nhát thu mủ | AC9: NSBQ (kg/lát) | AD9: Sản lượng (kg) | AE9: số nhát thu mủ | AF9: NSBQ (kg/lát) | AG9: Sản lượng (kg) | AH9: số nhát thu mủ | AI9: NSBQ (kg/lát) | AJ9: Sản lượng (kg) | AK9: số nhát thu mủ | AL9: NSBQ (kg/lát) | AM9: Sản lượng (kg) | AN9: số nhát thu mủ | AO9: NSBQ (kg/lát) | AP9: Sản lượng (kg) | AQ9: số nhát thu mủ | AR9: NSBQ (kg/lát) | AS9: Sản lượng (kg) | AT9: số nhát thu mủ | AU9: NSBQ (kg/lát) | AV9: Sản lượng (kg) | AW9: số nhát thu mủ | AX9: NSBQ (kg/lát) | AY9: Sản lượng (kg) | AZ9: số nhát thu mủ | BA9: NSBQ (kg/lát) | BB9: Sản lượng (kg) | BC9: số nhát thu mủ | BD9: NSBQ (kg/lát) | BE9: Sản lượng (kg) | BF9: số nhát thu mủ | BG9: NSBQ (kg/lát) | BH9: Sản lượng (kg) | BI9: số nhát thu mủ | BJ9: NSBQ (kg/lát) | BK9: Sản lượng (kg) | BL9: số nhát thu mủ | BM9: NSBQ (kg/lát) | BN9: Sản lượng (kg) | BO9: số nhát thu mủ | BP9: NSBQ (kg/lát) | BQ9: Sản lượng (kg) | BR9: số nhát thu mủ | BS9: NSBQ (kg/lát) | BT9: Sản lượng (kg) | BU9: số nhát thu mủ | BV9: NSBQ (kg/lát) | BW9: Sản lượng (kg) | BX9: số nhát thu mủ | BY9: NSBQ (kg/lát) | BZ9: Sản lượng (kg) | CA9: số nhát thu mủ | CB9: NSBQ (kg/lát) | CC9: Sản lượng (kg) | CD9: số nhát thu mủ | CE9: NSBQ (kg/lát) | CF9: Sản lượng (kg) | CG9: số nhát thu mủ | CH9: NSBQ (kg/lát) | CI9: Sản lượng (kg) | CJ9: số nhát thu mủ | CK9: NSBQ (kg/lát) | CL9: Sản lượng (kg) | CM9: số nhát thu mủ | CN9: NSBQ (kg/lát) | CO9: Sản lượng (kg) | CP9: số nhát thu mủ | CQ9: NSBQ (kg/lát) | CR9: Sản lượng (kg) | CS9: số nhát thu mủ | CT9: NSBQ (kg/lát) | CU9: Sản lượng (kg) | CV9: số nhát thu mủ | CW9: NSBQ (kg/lát) | CX9: Sản lượng đầu tháng (kg) | CY9: số nhát thu mủ | CZ9: Sản lượng cuối tháng(kg) | DA9: số nhát thu mủ cuối tháng | DB9: Quy khô đầu tháng | DC9: Quy khô cuối tháng | DD9: Tổng quy khô | DE9: Tổng lát
CX10: =SUMIF($I$9:$AZ$9,$CR$9,$I10:$AZ10) | CY10: =SUMIF($I$9:$AZ$9,$CV$9,$I10:$AZ10) | CZ10: =SUMIF($BB$9:$CV$9,$CU$9,$BB10:$CV10) | DA10: =SUMIF($BB$9:$CV$9,$CV$9,$BB10:$CV10) | DB10: =CX10*$DB$8 | DC10: =CZ10*$DB$8 | DD10: =DB10+DC10 | DE10: =CY10+DA10 | DF10: =IF(AND(G10>0,DE10>0),ROUND(DD10*1000/(G10*DE10),1),"")

Sheet B
B1: Báo cáo sản lượng hàng ngày
A3: Tháng
A4: Đội
A5: Phiên cạo | B5: B
A7: STT | B7: Mã Tổ | C7: Mã Công nhân | D7: Lô | E7: Mã phần cạo | F7: Mặt cạo | G7: Số cây cạo | H7: Giống | I7: Thông tin sản lượng theo ngày
I8: 1 | L8: 2 | O8: 3 | R8: 4 | U8: 5 | X8: 6 | AA8: 7 | AD8: 8 | AG8: 9 | AJ8: 10 | AM8: 11 | AP8: 12 | AS8: 13 | AV8: 14 | AY8: 15 | BB8: 16 | BE8: 17 | BH8: 18 | BK8: 19 | BN8: 20 | BQ8: 21 | BT8: 22 | BW8: 23 | BZ8: 24 | CC8: 25 | CF8: 26 | CI8: 27 | CL8: 28 | CO8: 29 | CR8: 30 | CU8: 31 | CX8: Tổng | CZ8: Tổng
I9: Sản lượng (kg) | J9: số nhát thu mủ | K9: NSBQ (kg/lát) | L9: Sản lượng (kg) | M9: số nhát thu mủ | N9: NSBQ (kg/lát) | O9: Sản lượng (kg) | P9: số nhát thu mủ | Q9: NSBQ (kg/lát) | R9: Sản lượng (kg) | S9: số nhát thu mủ | T9: NSBQ (kg/lát) | U9: Sản lượng (kg) | V9: số nhát thu mủ | W9: NSBQ (kg/lát) | X9: Sản lượng (kg) | Y9: số nhát thu mủ | Z9: NSBQ (kg/lát) | AA9: Sản lượng (kg) | AB9: số nhát thu mủ | AC9: NSBQ (kg/lát) | AD9: Sản lượng (kg) | AE9: số nhát thu mủ | AF9: NSBQ (kg/lát) | AG9: Sản lượng (kg) | AH9: số nhát thu mủ | AI9: NSBQ (kg/lát) | AJ9: Sản lượng (kg) | AK9: số nhát thu mủ | AL9: NSBQ (kg/lát) | AM9: Sản lượng (kg) | AN9: số nhát thu mủ | AO9: NSBQ (kg/lát) | AP9: Sản lượng (kg) | AQ9: số nhát thu mủ | AR9: NSBQ (kg/lát) | AS9: Sản lượng (kg) | AT9: số nhát thu mủ | AU9: NSBQ (kg/lát) | AV9: Sản lượng (kg) | AW9: số nhát thu mủ | AX9: NSBQ (kg/lát) | AY9: Sản lượng (kg) | AZ9: số nhát thu mủ | BA9: NSBQ (kg/lát) | BB9: Sản lượng (kg) | BC9: số nhát thu mủ | BD9: NSBQ (kg/lát) | BE9: Sản lượng (kg) | BF9: số nhát thu mủ | BG9: NSBQ (kg/lát) | BH9: Sản lượng (kg) | BI9: số nhát thu mủ | BJ9: NSBQ (kg/lát) | BK9: Sản lượng (kg) | BL9: số nhát thu mủ | BM9: NSBQ (kg/lát) | BN9: Sản lượng (kg) | BO9: số nhát thu mủ | BP9: NSBQ (kg/lát) | BQ9: Sản lượng (kg) | BR9: số nhát thu mủ | BS9: NSBQ (kg/lát) | BT9: Sản lượng (kg) | BU9: số nhát thu mủ | BV9: NSBQ (kg/lát) | BW9: Sản lượng (kg) | BX9: số nhát thu mủ | BY9: NSBQ (kg/lát) | BZ9: Sản lượng (kg) | CA9: số nhát thu mủ | CB9: NSBQ (kg/lát) | CC9: Sản lượng (kg) | CD9: số nhát thu mủ | CE9: NSBQ (kg/lát) | CF9: Sản lượng (kg) | CG9: số nhát thu mủ | CH9: NSBQ (kg/lát) | CI9: Sản lượng (kg) | CJ9: số nhát thu mủ | CK9: NSBQ (kg/lát) | CL9: Sản lượng (kg) | CM9: số nhát thu mủ | CN9: NSBQ (kg/lát) | CO9: Sản lượng (kg) | CP9: số nhát thu mủ | CQ9: NSBQ (kg/lát) | CR9: Sản lượng (kg) | CS9: số nhát thu mủ | CT9: NSBQ (kg/lát) | CU9: Sản lượng (kg) | CV9: số nhát thu mủ | CW9: NSBQ (kg/lát) | CX9: Sản lượng đầu tháng (kg) | CY9: số nhát thu mủ | CZ9: Sản lượng cuối tháng(kg) | DA9: số nhát thu mủ cuối tháng | DB9: Quy khô đầu tháng | DC9: Quy khô cuối tháng | DD9: Tổng quy khô | DE9: Tổng lát
CX10: =SUMIF($I$9:$AZ$9,$CR$9,$I10:$AZ10) | CY10: =SUMIF($I$9:$AZ$9,$CV$9,$I10:$AZ10) | CZ10: =SUMIF($BB$9:$CV$9,$CU$9,$BB10:$CV10) | DA10: =SUMIF($BB$9:$CV$9,$CV$9,$BB10:$CV10) | DB10: =CX10*$DB$8 | DC10: =CZ10*$DB$8 | DD10: =DB10+DC10 | DE10: =CY10+DA10 | DF10: =IF(AND(G10>0,DE10>0),ROUND(DD10*1000/(G10*DE10),1),"")

Sheet C
B1: Báo cáo sản lượng hàng ngày
A3: Tháng
A4: Đội
A5: Phiên cạo | B5: C
A7: STT | B7: Mã Tổ | C7: Mã Công nhân | D7: Lô | E7: Mã phần cạo | F7: Mặt cạo | G7: Số cây cạo | H7: Giống | I7: Thông tin sản lượng theo ngày
I8: 1 | L8: 2 | O8: 3 | R8: 4 | U8: 5 | X8: 6 | AA8: 7 | AD8: 8 | AG8: 9 | AJ8: 10 | AM8: 11 | AP8: 12 | AS8: 13 | AV8: 14 | AY8: 15 | BB8: 16 | BE8: 17 | BH8: 18 | BK8: 19 | BN8: 20 | BQ8: 21 | BT8: 22 | BW8: 23 | BZ8: 24 | CC8: 25 | CF8: 26 | CI8: 27 | CL8: 28 | CO8: 29 | CR8: 30 | CU8: 31 | CX8: Tổng | CZ8: Tổng
I9: Sản lượng (kg) | J9: số nhát thu mủ | K9: NSBQ (kg/lát) | L9: Sản lượng (kg) | M9: số nhát thu mủ | N9: NSBQ (kg/lát) | O9: Sản lượng (kg) | P9: số nhát thu mủ | Q9: NSBQ (kg/lát) | R9: Sản lượng (kg) | S9: số nhát thu mủ | T9: NSBQ (kg/lát) | U9: Sản lượng (kg) | V9: số nhát thu mủ | W9: NSBQ (kg/lát) | X9: Sản lượng (kg) | Y9: số nhát thu mủ | Z9: NSBQ (kg/lát) | AA9: Sản lượng (kg) | AB9: số nhát thu mủ | AC9: NSBQ (kg/lát) | AD9: Sản lượng (kg) | AE9: số nhát thu mủ | AF9: NSBQ (kg/lát) | AG9: Sản lượng (kg) | AH9: số nhát thu mủ | AI9: NSBQ (kg/lát) | AJ9: Sản lượng (kg) | AK9: số nhát thu mủ | AL9: NSBQ (kg/lát) | AM9: Sản lượng (kg) | AN9: số nhát thu mủ | AO9: NSBQ (kg/lát) | AP9: Sản lượng (kg) | AQ9: số nhát thu mủ | AR9: NSBQ (kg/lát) | AS9: Sản lượng (kg) | AT9: số nhát thu mủ | AU9: NSBQ (kg/lát) | AV9: Sản lượng (kg) | AW9: số nhát thu mủ | AX9: NSBQ (kg/lát) | AY9: Sản lượng (kg) | AZ9: số nhát thu mủ | BA9: NSBQ (kg/lát) | BB9: Sản lượng (kg) | BC9: số nhát thu mủ | BD9: NSBQ (kg/lát) | BE9: Sản lượng (kg) | BF9: số nhát thu mủ | BG9: NSBQ (kg/lát) | BH9: Sản lượng (kg) | BI9: số nhát thu mủ | BJ9: NSBQ (kg/lát) | BK9: Sản lượng (kg) | BL9: số nhát thu mủ | BM9: NSBQ (kg/lát) | BN9: Sản lượng (kg) | BO9: số nhát thu mủ | BP9: NSBQ (kg/lát) | BQ9: Sản lượng (kg) | BR9: số nhát thu mủ | BS9: NSBQ (kg/lát) | BT9: Sản lượng (kg) | BU9: số nhát thu mủ | BV9: NSBQ (kg/lát) | BW9: Sản lượng (kg) | BX9: số nhát thu mủ | BY9: NSBQ (kg/lát) | BZ9: Sản lượng (kg) | CA9: số nhát thu mủ | CB9: NSBQ (kg/lát) | CC9: Sản lượng (kg) | CD9: số nhát thu mủ | CE9: NSBQ (kg/lát) | CF9: Sản lượng (kg) | CG9: số nhát thu mủ | CH9: NSBQ (kg/lát) | CI9: Sản lượng (kg) | CJ9: số nhát thu mủ | CK9: NSBQ (kg/lát) | CL9: Sản lượng (kg) | CM9: số nhát thu mủ | CN9: NSBQ (kg/lát) | CO9: Sản lượng (kg) | CP9: số nhát thu mủ | CQ9: NSBQ (kg/lát) | CR9: Sản lượng (kg) | CS9: số nhát thu mủ | CT9: NSBQ (kg/lát) | CU9: Sản lượng (kg) | CV9: số nhát thu mủ | CW9: NSBQ (kg/lát) | CX9: Sản lượng đầu tháng (kg) | CY9: số nhát thu mủ | CZ9: Sản lượng cuối tháng(kg) | DA9: số nhát thu mủ cuối tháng | DB9: Quy khô đầu tháng | DC9: Quy khô cuối tháng | DD9: Tổng quy khô | DE9: Tổng lát
CX10: =SUMIF($I$9:$AZ$9,$CR$9,$I10:$AZ10) | CY10: =SUMIF($I$9:$AZ$9,$CV$9,$I10:$AZ10) | CZ10: =SUMIF($BB$9:$CV$9,$CU$9,$BB10:$CV10) | DA10: =SUMIF($BB$9:$CV$9,$CV$9,$BB10:$CV10) | DB10: =CX10*$DB$8 | DC10: =CZ10*$DB$8 | DD10: =DB10+DC10 | DE10: =CY10+DA10 | DF10: =IF(AND(G10>0,DE10>0),ROUND(DD10*1000/(G10*DE10),1),"")

Sheet D
A3: Tháng
A4: Đội
A5: Phiên cạo | B5: D
A7: STT | B7: Mã Tổ | C7: Mã Công nhân | D7: Lô | E7: Mã phần cạo | F7: Mặt cạo | G7: Số cây cạo | H7: Giống | I7: Thông tin sản lượng theo ngày
I8: 1 | L8: 2 | O8: 3 | R8: 4 | U8: 5 | X8: 6 | AA8: 7 | AD8: 8 | AG8: 9 | AJ8: 10 | AM8: 11 | AP8: 12 | AS8: 13 | AV8: 14 | AY8: 15 | BB8: 16 | BE8: 17 | BH8: 18 | BK8: 19 | BN8: 20 | BQ8: 21 | BT8: 22 | BW8: 23 | BZ8: 24 | CC8: 25 | CF8: 26 | CI8: 27 | CL8: 28 | CO8: 29 | CR8: 30 | CU8: 31 | CX8: Tổng | CZ8: Tổng
I9: Sản lượng (kg) | J9: số nhát thu mủ | K9: NSBQ (kg/lát) | L9: Sản lượng (kg) | M9: số nhát thu mủ | N9: NSBQ (kg/lát) | O9: Sản lượng (kg) | P9: số nhát thu mủ | Q9: NSBQ (kg/lát) | R9: Sản lượng (kg) | S9: số nhát thu mủ | T9: NSBQ (kg/lát) | U9: Sản lượng (kg) | V9: số nhát thu mủ | W9: NSBQ (kg/lát) | X9: Sản lượng (kg) | Y9: số nhát thu mủ | Z9: NSBQ (kg/lát) | AA9: Sản lượng (kg) | AB9: số nhát thu mủ | AC9: NSBQ (kg/lát) | AD9: Sản lượng (kg) | AE9: số nhát thu mủ | AF9: NSBQ (kg/lát) | AG9: Sản lượng (kg) | AH9: số nhát thu mủ | AI9: NSBQ (kg/lát) | AJ9: Sản lượng (kg) | AK9: số nhát thu mủ | AL9: NSBQ (kg/lát) | AM9: Sản lượng (kg) | AN9: số nhát thu mủ | AO9: NSBQ (kg/lát) | AP9: Sản lượng (kg) | AQ9: số nhát thu mủ | AR9: NSBQ (kg/lát) | AS9: Sản lượng (kg) | AT9: số nhát thu mủ | AU9: NSBQ (kg/lát) | AV9: Sản lượng (kg) | AW9: số nhát thu mủ | AX9: NSBQ (kg/lát) | AY9: Sản lượng (kg) | AZ9: số nhát thu mủ | BA9: NSBQ (kg/lát) | BB9: Sản lượng (kg) | BC9: số nhát thu mủ | BD9: NSBQ (kg/lát) | BE9: Sản lượng (kg) | BF9: số nhát thu mủ | BG9: NSBQ (kg/lát) | BH9: Sản lượng (kg) | BI9: số nhát thu mủ | BJ9: NSBQ (kg/lát) | BK9: Sản lượng (kg) | BL9: số nhát thu mủ | BM9: NSBQ (kg/lát) | BN9: Sản lượng (kg) | BO9: số nhát thu mủ | BP9: NSBQ (kg/lát) | BQ9: Sản lượng (kg) | BR9: số nhát thu mủ | BS9: NSBQ (kg/lát) | BT9: Sản lượng (kg) | BU9: số nhát thu mủ | BV9: NSBQ (kg/lát) | BW9: Sản lượng (kg) | BX9: số nhát thu mủ | BY9: NSBQ (kg/lát) | BZ9: Sản lượng (kg) | CA9: số nhát thu mủ | CB9: NSBQ (kg/lát) | CC9: Sản lượng (kg) | CD9: số nhát thu mủ | CE9: NSBQ (kg/lát) | CF9: Sản lượng (kg) | CG9: số nhát thu mủ | CH9: NSBQ (kg/lát) | CI9: Sản lượng (kg) | CJ9: số nhát thu mủ | CK9: NSBQ (kg/lát) | CL9: Sản lượng (kg) | CM9: số nhát thu mủ | CN9: NSBQ (kg/lát) | CO9: Sản lượng (kg) | CP9: số nhát thu mủ | CQ9: NSBQ (kg/lát) | CR9: Sản lượng (kg) | CS9: số nhát thu mủ | CT9: NSBQ (kg/lát) | CU9: Sản lượng (kg) | CV9: số nhát thu mủ | CW9: NSBQ (kg/lát) | CX9: Sản lượng đầu tháng (kg) | CY9: số nhát thu mủ | CZ9: Sản lượng cuối tháng(kg) | DA9: số nhát thu mủ cuối tháng | DB9: Quy khô đầu tháng | DC9: Quy khô cuối tháng | DD9: Tổng quy khô | DE9: Tổng lát
CX10: =SUMIF($I$9:$AZ$9,$CR$9,$I10:$AZ10) | CY10: =SUMIF($I$9:$AZ$9,$CV$9,$I10:$AZ10) | CZ10: =SUMIF($BB$9:$CV$9,$CU$9,$BB10:$CV10) | DA10: =SUMIF($BB$9:$CV$9,$CV$9,$BB10:$CV10) | DB10: =CX10*$DB$8 | DC10: =CZ10*$DB$8 | DD10: =DB10+DC10 | DE10: =CY10+DA10 | DF10: =IF(AND(G10>0,DE10>0),ROUND(DD10*1000/(G10*DE10),1),"")

Sheet Du lieu
A1: Phiên cạo | B1: Mã Tổ | C1: Mã Công nhân | D1: Lô | E1: Mã phần cạo | F1: Mặt cạo | G1: Cây cạo | H1: Giống | I1: Sản lượng đầu tháng (kg) | J1: Số nhát thu mủ đầu tháng | K1: Sản lượng cuối tháng(kg) | L1: Số nhát thu mủ cuối tháng | M1: Quy khô đầu tháng | N1: Quy khô cuối tháng | O1: Tổng quy khô | P1: Tổng lát | Q1: G/cc/l
A2: A | D2: =A!D10 | E2: =A!E10 | F2: =A!F10 | G2: =A!G10 | H2: =A!H10 | I2: =A!CX10 | J2: =A!CY10 | K2: =A!CZ10 | L2: =A!DA10 | M2: =A!DB10 | N2: =A!DC10 | O2: =A!DD10 | P2: =A!DE10 | Q2: =A!DF10 | R2: =N2-O2 | T2: =ROUND
A3: B | D3: =B!D10 | E3: =B!E10 | F3: =B!F10 | G3: =B!G10 | H3: =B!H10 | I3: =B!CX10 | J3: =B!CY10 | K3: =B!CZ10 | L3: =B!DA10 | M3: =B!DB10 | N3: =B!DC10 | O3: =B!DD10 | P3: =B!DE10 | Q3: =B!DF10 | R3: =N3-O3 | T3: =ROUND
A4: C | D4: =C!D10 | E4: =C!E10 | F4: =C!F10 | G4: =C!G10 | H4: =C!H10 | I4: =C!CX10 | J4: =C!CY10 | K4: =C!CZ10 | L4: =C!DA10 | M4: =C!DB10 | N4: =C!DC10 | O4: =C!DD10 | P4: =C!DE10 | Q4: =C!DF10 | R4: =N4-O4 | T4: =ROUND
A5: D | D5: =D!D10 | E5: =D!E10 | F5: =D!F10 | G5: =D!G10 | H5: =D!H10 | I5: =D!CX10 | J5: =D!CY10 | K5: =D!CZ10 | L5: =D!DA10 | M5: =D!DB10 | N5: =D!DC10 | O5: =D!DD10 | P5: =D!DE10 | Q5: =D!DF10 | R5: =N5-O5 | T5: =ROUND

Sheet TH
A4: Mã Tổ | B4: Sum of Sản lượng đầu tháng (kg) | C4: Sum of Sản lượng cuối tháng(kg) | D4: Sum of Tổng lát | O4: Lô | P4: Count of Mã phần cạo
B5: 0 | C5: 0 | D5: 0 | I5: Lô | J5: Sum of Sản lượng đầu tháng (kg) | K5: Sum of Sản lượng cuối tháng (kg) | L5: Average of Tổng lát | P5: 4
J6: 0 | K6: 0 | L6: 0 | M6: =ROUND((J6+K6)*$E$15,2) | O6: Grand Total | P6: 4
E15: 0
