Workbook

Sheet BÌA SỔ SL (9)
A1: VIETNAM RUBBER GROUP
A2: CHU SE - KAMPONG THOM RUBBER JSC
A3: C.R.C.K.2 APHIVATH CAOUTCHOUC CO.,LTD
A4: --------------*****--------------
A8: TRACKING PRODUCTION YIELD OF FIELD GRDE COAGULUM FORM
A9: SỔ THEO DÕI SẢN LƯỢNG NĂM 2026
A10: FARM UNIT/ ĐỘI SẢN XUẤT: 01
A11: Area/ Diện tích: 209.79
A12: ADDRESS: PHTEAH DAEUM VILLAGE, PO POK COMMUNE, STOUNG DISTRICT, KAMPONG THOM PROVINCE, CAMBODIA.
E13: ZONE/Khu vực: 09
A18: Kampong Thom, Month 1 Year 2026
A19: Kampong Thom, Tháng 1 năm 2026

Sheet BÌA SỔ SL (8)
A1: VIETNAM RUBBER GROUP
A2: CHU SE - KAMPONG THOM RUBBER JSC
A3: C.R.C.K.2 APHIVATH CAOUTCHOUC CO.,LTD
A4: --------------*****--------------
A8: TRACKING PRODUCTION YIELD OF FIELD GRDE COAGULUM FORM
A9: SỔ THEO DÕI SẢN LƯỢNG NĂM 2026
A10: FARM UNIT/ ĐỘI SẢN XUẤT: 01
A11: Area/ Diện tích: 209.38
A12: ADDRESS: PHTEAH DAEUM VILLAGE, PO POK COMMUNE, STOUNG DISTRICT, KAMPONG THOM PROVINCE, CAMBODIA.
E13: ZONE/Khu vực: 08
A18: Kampong Thom, Month 1 Year 2026
A19: Kampong Thom, Tháng 1 năm 2026

Sheet BÌA SỔ SL (7)
A1: VIETNAM RUBBER GROUP
A2: CHU SE - KAMPONG THOM RUBBER JSC
A3: C.R.C.K.2 APHIVATH CAOUTCHOUC CO.,LTD
A4: --------------*****--------------
A8: TRACKING PRODUCTION YIELD OF FIELD GRDE COAGULUM FORM
A9: SỔ THEO DÕI SẢN LƯỢNG NĂM 2026
A10: FARM UNIT/ ĐỘI SẢN XUẤT: 01
A11: Area/ Diện tích: 232.52
A12: ADDRESS: PHTEAH DAEUM VILLAGE, PO POK COMMUNE, STOUNG DISTRICT, KAMPONG THOM PROVINCE, CAMBODIA.
E13: ZONE/Khu vực: 07
A18: Kampong Thom, Month 1 Year 2026
A19: Kampong Thom, Tháng 1 năm 2026

Sheet BÌA SỔ SL (6)
A1: VIETNAM RUBBER GROUP
A2: CHU SE - KAMPONG THOM RUBBER JSC
A3: C.R.C.K.2 APHIVATH CAOUTCHOUC CO.,LTD
A4: --------------*****--------------
A8: TRACKING PRODUCTION YIELD OF FIELD GRDE COAGULUM FORM
A9: SỔ THEO DÕI SẢN LƯỢNG NĂM 2026
A10: FARM UNIT/ ĐỘI SẢN XUẤT: 01
A11: Area/ Diện tích: 267.36
A12: ADDRESS: PHTEAH DAEUM VILLAGE, PO POK COMMUNE, STOUNG DISTRICT, KAMPONG THOM PROVINCE, CAMBODIA.
E13: ZONE/Khu vực: 06
A18: Kampong Thom, Month 1 Year 2026
A19: Kampong Thom, Tháng 1 năm 2026

Sheet BÌA SỔ SL (5)
A1: VIETNAM RUBBER GROUP
A2: CHU SE - KAMPONG THOM RUBBER JSC
A3: C.R.C.K.2 APHIVATH CAOUTCHOUC CO.,LTD
A4: --------------*****--------------
A8: TRACKING PRODUCTION YIELD OF FIELD GRDE COAGULUM FORM
A9: SỔ THEO DÕI SẢN LƯỢNG NĂM 2026
A10: FARM UNIT/ ĐỘI SẢN XUẤT: 01
A11: Area/ Diện tích: 240.44
A12: ADDRESS: PHTEAH DAEUM VILLAGE, PO POK COMMUNE, STOUNG DISTRICT, KAMPONG THOM PROVINCE, CAMBODIA.
E13: ZONE/Khu vực: 05
A18: Kampong Thom, Month 1 Year 2026
A19: Kampong Thom, Tháng 1 năm 2026

Sheet BÌA SỔ SL (4)
A1: VIETNAM RUBBER GROUP
A2: CHU SE - KAMPONG THOM RUBBER JSC
A3: C.R.C.K.2 APHIVATH CAOUTCHOUC CO.,LTD
A4: --------------*****--------------
A8: TRACKING PRODUCTION YIELD OF FIELD GRDE COAGULUM FORM
A9: SỔ THEO DÕI SẢN LƯỢNG NĂM 2026
A10: FARM UNIT/ ĐỘI SẢN XUẤT: 01
A11: Area/ Diện tích: 250.44
A12: ADDRESS: PHTEAH DAEUM VILLAGE, PO POK COMMUNE, STOUNG DISTRICT, KAMPONG THOM PROVINCE, CAMBODIA.
E13: ZONE/Khu vực: 04
A18: Kampong Thom, Month 1 Year 2026
A19: Kampong Thom, Tháng 1 năm 2026

Sheet BÌA SỔ SL (3)
A1: VIETNAM RUBBER GROUP
A2: CHU SE - KAMPONG THOM RUBBER JSC
A3: C.R.C.K.2 APHIVATH CAOUTCHOUC CO.,LTD
A4: --------------*****--------------
A8: TRACKING PRODUCTION YIELD OF FIELD GRDE COAGULUM FORM
A9: SỔ THEO DÕI SẢN LƯỢNG NĂM 2026
A10: FARM UNIT/ ĐỘI SẢN XUẤT: 01
A11: Area/ Diện tích: 251.42
A12: ADDRESS: PHTEAH DAEUM VILLAGE, PO POK COMMUNE, STOUNG DISTRICT, KAMPONG THOM PROVINCE, CAMBODIA.
E13: ZONE/Khu vực: 03
A18: Kampong Thom, Month 1 Year 2026
A19: Kampong Thom, Tháng 1 năm 2026

Sheet BÌA SỔ SL (2)
A1: VIETNAM RUBBER GROUP
A2: CHU SE - KAMPONG THOM RUBBER JSC
A3: C.R.C.K.2 APHIVATH CAOUTCHOUC CO.,LTD
A4: --------------*****--------------
A8: TRACKING PRODUCTION YIELD OF FIELD GRDE COAGULUM FORM
A9: SỔ THEO DÕI SẢN LƯỢNG NĂM 2026
A10: FARM UNIT/ ĐỘI SẢN XUẤT: 01
A11: Area/ Diện tích: 249.17
A12: ADDRESS: PHTEAH DAEUM VILLAGE, PO POK COMMUNE, STOUNG DISTRICT, KAMPONG THOM PROVINCE, CAMBODIA.
E13: ZONE/Khu vực: 02
A18: Kampong Thom, Month 1 Year 2026
A19: Kampong Thom, Tháng 1 năm 2026

Sheet BÌA SỔ SL
A1: VIETNAM RUBBER GROUP
A2: CHU SE - KAMPONG THOM RUBBER JSC
A3: C.R.C.K.2 APHIVATH CAOUTCHOUC CO.,LTD
A4: --------------*****--------------
A8: TRACKING PRODUCTION YIELD OF FIELD GRDE COAGULUM FORM
A9: SỔ THEO DÕI SẢN LƯỢNG NĂM 2026
A10: FARM UNIT/ ĐỘI SẢN XUẤT: 01
A11: Area/ Diện tích: 263.11
A12: ADDRESS: PHTEAH DAEUM VILLAGE, PO POK COMMUNE, STOUNG DISTRICT, KAMPONG THOM PROVINCE, CAMBODIA.
E13: ZONE/Khu vực: 01
A18: Kampong Thom, Month 1 Year 2026
A19: Kampong Thom, Tháng 1 năm 2026

Sheet T1
A1: Yield for the month 1/2026 / SẢN LƯỢNG THÁNG 1 NĂM 2026
A2: No. | B2: Forest Plot Code | C2: Name of Plot | D2: Full Name | E2: Employee ID | F2: Date / Ngày ........... | H2: Date / Ngày ........... | J2: Date / Ngày ........... | L2: Date / Ngày ........... | N2: Date / Ngày ........... | P2: Date / Ngày ........... | R2: Date / Ngày ........... | T2: Date / Ngày ........... | V2: Total Days
V3: TỔNG 0 NGÀY
A4: STT | B4: Mã lô rừng | C4: Tên lô | D4: HỌ VÀ TÊN | E4: Mã số CN | F4: Tapp. Session/ Phiên cạo A | H4: Tapp. Session/ Phiên cạo A | J4: Tapp. Session/ Phiên cạo A | L4: Tapp. Session/ Phiên cạo A | N4: Tapp. Session/ Phiên cạo A | P4: Tapp. Session/ Phiên cạo A | R4: Tapp. Session/ Phiên cạo A | T4: Tapp. Session/ Phiên cạo A | V4: From…..top …...
V5: (Từ ngày…...đến ngày.…..)
F6: Cup Lump | H6: Cup Lump | J6: Cup Lump | L6: Cup Lump | N6: Cup Lump | P6: Cup Lump | R6: Cup Lump | T6: Cup Lump | V6: Cup Lump
F7: Mủ đông | H7: Mủ đông | J7: Mủ đông | L7: Mủ đông | N7: Mủ đông | P7: Mủ đông | R7: Mủ đông | T7: Mủ đông | V7: Mủ đông
V8: =SUM(F8:U8)
A9: Total / TC | F9: =SUM(F8:F8) | H9: =SUM(H8:H8) | J9: =SUM(J8:J8) | L9: =SUM(L8:L8) | N9: =SUM(N8:N8) | P9: =SUM(P8:P8) | R9: =SUM(R8:R8) | T9: =SUM(T8:T8) | V9: =SUBTOTAL(9,V8:V8)
A11: Notes/ GHI CHÚ:
A13: Đ: Đạt - mủ loại 1 đạt chất lượng : Có hình dáng theo dụng cụ chứa (chén, thùng) thường là hình trụ. Có màu trắng, vàng, không lẫn các tạp chất dễ thấy như lá cây, vỏ cây, sợi PP, kim loại, côn trùng, đất cát và các tạp chất khác
A14: Grade 1 :FGC characteristics: Shape :conform to the Shape of container(cup, buckest). Color :White, Yellow. Impurities : No no visible impurities such as leaves, bark, PP fibers, metal, insects, dirt, sand, or other foreign matter
A15: KĐ: Không đạt - mủ loại 2 không đạt chất lượng : Có hình dáng theo dụng cụ chứa (chén, thùng) thường là hình trụ. Có lẫn các tạp chất dễ thấy như lá cây, vỏ cây, sợi PP, kim loại, côn trùng, đất cát và các tạp chất khác.
A16: Grade 2 :FGC characteristics: Shape :conform to the Shape of container(cup, buckest). . Impurities: It contains visible impurities such as leaves, bark, PP fibers, metal, insects, dirt, sand, and other foreign matte
A17: …………….……….....………..….…………………..……………...…………..…………………………...……..…………...………………………………..........................................................................................................................................................................................................................................
A18: …………….……….....………..….…………………..……………...…………..…………………………...……..…………...………………………………..........................................................................................................................................................................................................................................
A19: …………….……….....………..….…………………..……………...…………..…………………………...……..…………...………………………………..........................................................................................................................................................................................................................................
A22: Yield for the month 1/2026 / SẢN LƯỢNG THÁNG 1 NĂM 2026
A23: No. | B23: Forest Plot Code | C23: Name of Plot | D23: Full Name | E23: Employee ID | F23: Date / Ngày ........... | H23: Date / Ngày ........... | J23: Date / Ngày ........... | L23: Date / Ngày ........... | N23: Date / Ngày ........... | P23: Date / Ngày ........... | R23: Date / Ngày ........... | T23: Date / Ngày ........... | V23: Total Days
V24: TỔNG 0 NGÀY
A25: STT | B25: Mã lô rừng | C25: Tên lô | D25: HỌ VÀ TÊN | E25: Mã số CN | F25: Tapp. Session/ Phiên cạo B | H25: Tapp. Session/ Phiên cạo B | J25: Tapp. Session/ Phiên cạo B | L25: Tapp. Session/ Phiên cạo B | N25: Tapp. Session/ Phiên cạo B | P25: Tapp. Session/ Phiên cạo B | R25: Tapp. Session/ Phiên cạo B | T25: Tapp. Session/ Phiên cạo B | V25: From…..top …...
V26: (Từ ngày…...đến ngày.…..)
F27: Cup Lump | H27: Cup Lump | J27: Cup Lump | L27: Cup Lump | N27: Cup Lump | P27: Cup Lump | R27: Cup Lump | T27: Cup Lump | V27: Cup Lump
F28: Mủ đông | H28: Mủ đông | J28: Mủ đông | L28: Mủ đông | N28: Mủ đông | P28: Mủ đông | R28: Mủ đông | T28: Mủ đông | V28: Mủ đông
V29: =SUM(F29:U29)
A30: Total / TC | F30: =SUM(F29:F29) | H30: =SUM(H29:H29) | J30: =SUM(J29:J29) | L30: =SUM(L29:L29) | N30: =SUM(N29:N29) | P30: =SUM(P29:P29) | R30: =SUM(R29:R29) | T30: =SUM(T29:T29) | V30: =SUBTOTAL(9,V29:V29)
A32: Notes/ GHI CHÚ:
A34: Đ: Đạt - mủ loại 1 đạt chất lượng : Có hình dáng theo dụng cụ chứa (chén, thùng) thường là hình trụ. Có màu trắng, vàng, không lẫn các tạp chất dễ thấy như lá cây, vỏ cây, sợi PP, kim loại, côn trùng, đất cát và các tạp chất khác
A35: Grade 1 :FGC characteristics: Shape :conform to the Shape of container(cup, buckest). Color :White, Yellow. Impurities : No no visible impurities such as leaves, bark, PP fibers, metal, insects, dirt, sand, or other foreign matter
A36: KĐ: Không đạt - mủ loại 2 không đạt chất lượng : Có hình dáng theo dụng cụ chứa (chén, thùng) thường là hình trụ. Có lẫn các tạp chất dễ thấy như lá cây, vỏ cây, sợi PP, kim loại, côn trùng, đất cát và các tạp chất khác.
A37: Grade 2 :FGC characteristics: Shape :conform to the Shape of container(cup, buckest). . Impurities: It contains visible impurities such as leaves, bark, PP fibers, metal, insects, dirt, sand, and other foreign matte
A38: …………….……….....………..….…………………..……………...…………..…………………………...……..…………...………………………………..........................................................................................................................................................................................................................................
A39: …………….……….....………..….…………………..……………...…………..…………………………...……..…………...………………………………..........................................................................................................................................................................................................................................
A40: …………….……….....………..….…………………..……………...…………..…………………………...……..…………...………………………………..........................................................................................................................................................................................................................................
A43: Yield for the month 1/2026 / SẢN LƯỢNG THÁNG 1 NĂM 2026
A44: No. | B44: Forest Plot Code | C44: Name of Plot | D44: Full Name | E44: Employee ID | F44: Date / Ngày ........... | H44: Date / Ngày ........... | J44: Date / Ngày ........... | L44: Date / Ngày ........... | N44: Date / Ngày ........... | P44: Date / Ngày ........... | R44: Date / Ngày ........... | T44: Date / Ngày ........... | V44: Total Days
V45: TỔNG 0 NGÀY
A46: STT | B46: Mã lô rừng | C46: Tên lô | D46: HỌ VÀ TÊN | E46: Mã số CN | F46: Tapp. Session/ Phiên cạo C | H46: Tapp. Session/ Phiên cạo C | J46: Tapp. Session/ Phiên cạo C | L46: Tapp. Session/ Phiên cạo C | N46: Tapp. Session/ Phiên cạo C | P46: Tapp. Session/ Phiên cạo C | R46: Tapp. Session/ Phiên cạo C | T46: Tapp. Session/ Phiên cạo C | V46: From…..top …...
V47: (Từ ngày…...đến ngày.…..)
F48: Cup Lump | H48: Cup Lump | J48: Cup Lump | L48: Cup Lump | N48: Cup Lump | P48: Cup Lump | R48: Cup Lump | T48: Cup Lump | V48: Cup Lump
F49: Mủ đông | H49: Mủ đông | J49: Mủ đông | L49: Mủ đông | N49: Mủ đông | P49: Mủ đông | R49: Mủ đông | T49: Mủ đông | V49: Mủ đông
V50: =SUM(F50:U50)
A51: Total / TC | F51: =SUM(F50:F50) | H51: =SUM(H50:H50) | J51: =SUM(J50:J50) | L51: =SUM(L50:L50) | N51: =SUM(N50:N50) | P51: =SUM(P50:P50) | R51: =SUM(R50:R50) | T51: =SUM(T50:T50) | V51: =SUBTOTAL(9,V50:V50)
A53: Notes/ GHI CHÚ:
A55: Đ: Đạt - mủ loại 1 đạt chất lượng : Có hình dáng theo dụng cụ chứa (chén, thùng) thường là hình trụ. Có màu trắng, vàng, không lẫn các tạp chất dễ thấy như lá cây, vỏ cây, sợi PP, kim loại, côn trùng, đất cát và các tạp chất khác
A56: Grade 1 :FGC characteristics: Shape :conform to the Shape of container(cup, buckest). Color :White, Yellow. Impurities : No no visible impurities such as leaves, bark, PP fibers, metal, insects, dirt, sand, or other foreign matter
A57: KĐ: Không đạt - mủ loại 2 không đạt chất lượng : Có hình dáng theo dụng cụ chứa (chén, thùng) thường là hình trụ. Có lẫn các tạp chất dễ thấy như lá cây, vỏ cây, sợi PP, kim loại, côn trùng, đất cát và các tạp chất khác.
A58: Grade 2 :FGC characteristics: Shape :conform to the Shape of container(cup, buckest). . Impurities: It contains visible impurities such as leaves, bark, PP fibers, metal, insects, dirt, sand, and other foreign matte
A59: …………….……….....………..….…………………..……………...…………..…………………………...……..…………...………………………………..........................................................................................................................................................................................................................................
A60: …………….……….....………..….…………………..……………...…………..…………………………...……..…………...………………………………..........................................................................................................................................................................................................................................
A61: …………….……….....………..….…………………..……………...…………..…………………………...……..…………...………………………………..........................................................................................................................................................................................................................................
A64: Yield for the month 1/2026 / SẢN LƯỢNG THÁNG 1 NĂM 2026
A65: No. | B65: Forest Plot Code | C65: Name of Plot | D65: Full Name | E65: Employee ID | F65: Date / Ngày ........... | H65: Date / Ngày ........... | J65: Date / Ngày ........... | L65: Date / Ngày ........... | N65: Date / Ngày ........... | P65: Date / Ngày ........... | R65: Date / Ngày ........... | T65: Date / Ngày ........... | V65: Total Days
V66: TỔNG 0 NGÀY
A67: STT | B67: Mã lô rừng | C67: Tên lô | D67: HỌ VÀ TÊN | E67: Mã số CN | F67: Tapp. Session/ Phiên cạo D | H67: Tapp. Session/ Phiên cạo D | J67: Tapp. Session/ Phiên cạo D | L67: Tapp. Session/ Phiên cạo D | N67: Tapp. Session/ Phiên cạo D | P67: Tapp. Session/ Phiên cạo D | R67: Tapp. Session/ Phiên cạo D | T67: Tapp. Session/ Phiên cạo D | V67: From…..top …...
V68: (Từ ngày…...đến ngày.…..)
F69: Cup Lump | H69: Cup Lump | J69: Cup Lump | L69: Cup Lump | N69: Cup Lump | P69: Cup Lump | R69: Cup Lump | T69: Cup Lump | V69: Cup Lump
F70: Mủ đông | H70: Mủ đông | J70: Mủ đông | L70: Mủ đông | N70: Mủ đông | P70: Mủ đông | R70: Mủ đông | T70: Mủ đông | V70: Mủ đông
V71: =SUM(F71:U71)
A72: Total / TC | F72: =SUM(F71:F71) | H72: =SUM(H71:H71) | J72: =SUM(J71:J71) | L72: =SUM(L71:L71) | N72: =SUM(N71:N71) | P72: =SUM(P71:P71) | R72: =SUM(R71:R71) | T72: =SUM(T71:T71) | V72: =SUBTOTAL(9,V71:V71)
A74: Notes/ GHI CHÚ:
A76: Đ: Đạt - mủ loại 1 đạt chất lượng : Có hình dáng theo dụng cụ chứa (chén, thùng) thường là hình trụ. Có màu trắng, vàng, không lẫn các tạp chất dễ thấy như lá cây, vỏ cây, sợi PP, kim loại, côn trùng, đất cát và các tạp chất khác
A77: Grade 1 :FGC characteristics: Shape :conform to the Shape of container(cup, buckest). Color :White, Yellow. Impurities : No no visible impurities such as leaves, bark, PP fibers, metal, insects, dirt, sand, or other foreign matter
A78: KĐ: Không đạt - mủ loại 2 không đạt chất lượng : Có hình dáng theo dụng cụ chứa (chén, thùng) thường là hình trụ. Có lẫn các tạp chất dễ thấy như lá cây, vỏ cây, sợi PP, kim loại, côn trùng, đất cát và các tạp chất khác.
A79: Grade 2 :FGC characteristics: Shape :conform to the Shape of container(cup, buckest). . Impurities: It contains visible impurities such as leaves, bark, PP fibers, metal, insects, dirt, sand, and other foreign matte
A80: …………….……….....………..….…………………..……………...…………..…………………………...……..…………...………………………………..........................................................................................................................................................................................................................................
A81: …………….……….....………..….…………………..……………...…………..…………………………...……..…………...………………………………..........................................................................................................................................................................................................................................
A82: …………….……….....………..….…………………..……………...…………..…………………………...……..…………...………………………………..........................................................................................................................................................................................................................................

Sheet T2
A1: Yield for the month 1/2026 / SẢN LƯỢNG THÁNG 1 NĂM 2026
A2: No. | B2: Forest Plot Code | C2: Name of Plot | D2: Full Name | E2: Employee ID | F2: Date / Ngày ........... | H2: Date / Ngày ........... | J2: Date / Ngày ........... | L2: Date / Ngày ........... | N2: Date / Ngày ........... | P2: Date / Ngày ........... | R2: Date / Ngày ........... | T2: Date / Ngày ........... | V2: Total Days
V3: TỔNG 0 NGÀY
A4: STT | B4: Mã lô rừng | C4: Tên lô | D4: HỌ VÀ TÊN | E4: Mã số CN | F4: Tapp. Session/ Phiên cạo A | H4: Tapp. Session/ Phiên cạo A | J4: Tapp. Session/ Phiên cạo A | L4: Tapp. Session/ Phiên cạo A | N4: Tapp. Session/ Phiên cạo A | P4: Tapp. Session/ Phiên cạo A | R4: Tapp. Session/ Phiên cạo A | T4: Tapp. Session/ Phiên cạo A | V4: From…..top …...
V5: (Từ ngày…...đến ngày.…..)
F6: Cup Lump | H6: Cup Lump | J6: Cup Lump | L6: Cup Lump | N6: Cup Lump | P6: Cup Lump | R6: Cup Lump | T6: Cup Lump | V6: Cup Lump
F7: Mủ đông | H7: Mủ đông | J7: Mủ đông | L7: Mủ đông | N7: Mủ đông | P7: Mủ đông | R7: Mủ đông | T7: Mủ đông | V7: Mủ đông
V8: =SUM(F8:U8)
A9: Total / TC | F9: =SUM(F8:F8) | H9: =SUM(H8:H8) | J9: =SUM(J8:J8) | L9: =SUM(L8:L8) | N9: =SUM(N8:N8) | P9: =SUM(P8:P8) | R9: =SUM(R8:R8) | T9: =SUM(T8:T8) | V9: =SUBTOTAL(9,V8:V8)
A11: Notes/ GHI CHÚ:
A13: Đ: Đạt - mủ loại 1 đạt chất lượng : Có hình dáng theo dụng cụ chứa (chén, thùng) thường là hình trụ. Có màu trắng, vàng, không lẫn các tạp chất dễ thấy như lá cây, vỏ cây, sợi PP, kim loại, côn trùng, đất cát và các tạp chất khác
A14: Grade 1 :FGC characteristics: Shape :conform to the Shape of container(cup, buckest). Color :White, Yellow. Impurities : No no visible impurities such as leaves, bark, PP fibers, metal, insects, dirt, sand, or other foreign matter
A15: KĐ: Không đạt - mủ loại 2 không đạt chất lượng : Có hình dáng theo dụng cụ chứa (chén, thùng) thường là hình trụ. Có lẫn các tạp chất dễ thấy như lá cây, vỏ cây, sợi PP, kim loại, côn trùng, đất cát và các tạp chất khác.
A16: Grade 2 :FGC characteristics: Shape :conform to the Shape of container(cup, buckest). . Impurities: It contains visible impurities such as leaves, bark, PP fibers, metal, insects, dirt, sand, and other foreign matte
A17: …………….……….....………..….…………………..……………...…………..…………………………...……..…………...………………………………..........................................................................................................................................................................................................................................
A18: …………….……….....………..….…………………..……………...…………..…………………………...……..…………...………………………………..........................................................................................................................................................................................................................................
A19: …………….……….....………..….…………………..……………...…………..…………………………...……..…………...………………………………..........................................................................................................................................................................................................................................
A22: Yield for the month 1/2026 / SẢN LƯỢNG THÁNG 1 NĂM 2026
A23: No. | B23: Forest Plot Code | C23: Name of Plot | D23: Full Name | E23: Employee ID | F23: Date / Ngày ........... | H23: Date / Ngày ........... | J23: Date / Ngày ........... | L23: Date / Ngày ........... | N23: Date / Ngày ........... | P23: Date / Ngày ........... | R23: Date / Ngày ........... | T23: Date / Ngày ........... | V23: Total Days
V24: TỔNG 0 NGÀY
A25: STT | B25: Mã lô rừng | C25: Tên lô | D25: HỌ VÀ TÊN | E25: Mã số CN | F25: Tapp. Session/ Phiên cạo B | H25: Tapp. Session/ Phiên cạo B | J25: Tapp. Session/ Phiên cạo B | L25: Tapp. Session/ Phiên cạo B | N25: Tapp. Session/ Phiên cạo B | P25: Tapp. Session/ Phiên cạo B | R25: Tapp. Session/ Phiên cạo B | T25: Tapp. Session/ Phiên cạo B | V25: From…..top …...
V26: (Từ ngày…...đến ngày.…..)
F27: Cup Lump | H27: Cup Lump | J27: Cup Lump | L27: Cup Lump | N27: Cup Lump | P27: Cup Lump | R27: Cup Lump | T27: Cup Lump | V27: Cup Lump
F28: Mủ đông | H28: Mủ đông | J28: Mủ đông | L28: Mủ đông | N28: Mủ đông | P28: Mủ đông | R28: Mủ đông | T28: Mủ đông | V28: Mủ đông
V29: =SUM(F29:U29)
A30: Total / TC | F30: =SUM(F29:F29) | H30: =SUM(H29:H29) | J30: =SUM(J29:J29) | L30: =SUM(L29:L29) | N30: =SUM(N29:N29) | P30: =SUM(P29:P29) | R30: =SUM(R29:R29) | T30: =SUM(T29:T29) | V30: =SUBTOTAL(9,V29:V29)
A32: Notes/ GHI CHÚ:
A34: Đ: Đạt - mủ loại 1 đạt chất lượng : Có hình dáng theo dụng cụ chứa (chén, thùng) thường là hình trụ. Có màu trắng, vàng, không lẫn các tạp chất dễ thấy như lá cây, vỏ cây, sợi PP, kim loại, côn trùng, đất cát và các tạp chất khác
A35: Grade 1 :FGC characteristics: Shape :conform to the Shape of container(cup, buckest). Color :White, Yellow. Impurities : No no visible impurities such as leaves, bark, PP fibers, metal, insects, dirt, sand, or other foreign matter
A36: KĐ: Không đạt - mủ loại 2 không đạt chất lượng : Có hình dáng theo dụng cụ chứa (chén, thùng) thường là hình trụ. Có lẫn các tạp chất dễ thấy như lá cây, vỏ cây, sợi PP, kim loại, côn trùng, đất cát và các tạp chất khác.
A37: Grade 2 :FGC characteristics: Shape :conform to the Shape of container(cup, buckest). . Impurities: It contains visible impurities such as leaves, bark, PP fibers, metal, insects, dirt, sand, and other foreign matte
A38: …………….……….....………..….…………………..……………...…………..…………………………...……..…………...………………………………..........................................................................................................................................................................................................................................
A39: …………….……….....………..….…………………..……………...…………..…………………………...……..…………...………………………………..........................................................................................................................................................................................................................................
A40: …………….……….....………..….…………………..……………...…………..…………………………...……..…………...………………………………..........................................................................................................................................................................................................................................
A43: Yield for the month 1/2026 / SẢN LƯỢNG THÁNG 1 NĂM 2026
A44: No. | B44: Forest Plot Code | C44: Name of Plot | D44: Full Name | E44: Employee ID | F44: Date / Ngày ........... | H44: Date / Ngày ........... | J44: Date / Ngày ........... | L44: Date / Ngày ........... | N44: Date / Ngày ........... | P44: Date / Ngày ........... | R44: Date / Ngày ........... | T44: Date / Ngày ........... | V44: Total Days
V45: TỔNG 0 NGÀY
A46: STT | B46: Mã lô rừng | C46: Tên lô | D46: HỌ VÀ TÊN | E46: Mã số CN | F46: Tapp. Session/ Phiên cạo C | H46: Tapp. Session/ Phiên cạo C | J46: Tapp. Session/ Phiên cạo C | L46: Tapp. Session/ Phiên cạo C | N46: Tapp. Session/ Phiên cạo C | P46: Tapp. Session/ Phiên cạo C | R46: Tapp. Session/ Phiên cạo C | T46: Tapp. Session/ Phiên cạo C | V46: From…..top …...
V47: (Từ ngày…...đến ngày.…..)
F48: Cup Lump | H48: Cup Lump | J48: Cup Lump | L48: Cup Lump | N48: Cup Lump | P48: Cup Lump | R48: Cup Lump | T48: Cup Lump | V48: Cup Lump
F49: Mủ đông | H49: Mủ đông | J49: Mủ đông | L49: Mủ đông | N49: Mủ đông | P49: Mủ đông | R49: Mủ đông | T49: Mủ đông | V49: Mủ đông
V50: =SUM(F50:U50)
A51: Total / TC | F51: =SUM(F50:F50) | H51: =SUM(H50:H50) | J51: =SUM(J50:J50) | L51: =SUM(L50:L50) | N51: =SUM(N50:N50) | P51: =SUM(P50:P50) | R51: =SUM(R50:R50) | T51: =SUM(T50:T50) | V51: =SUBTOTAL(9,V50:V50)
A53: Notes/ GHI CHÚ:
A55: Đ: Đạt - mủ loại 1 đạt chất lượng : Có hình dáng theo dụng cụ chứa (chén, thùng) thường là hình trụ. Có màu trắng, vàng, không lẫn các tạp chất dễ thấy như lá cây, vỏ cây, sợi PP, kim loại, côn trùng, đất cát và các tạp chất khác
A56: Grade 1 :FGC characteristics: Shape :conform to the Shape of container(cup, buckest). Color :White, Yellow. Impurities : No no visible impurities such as leaves, bark, PP fibers, metal, insects, dirt, sand, or other foreign matter
A57: KĐ: Không đạt - mủ loại 2 không đạt chất lượng : Có hình dáng theo dụng cụ chứa (chén, thùng) thường là hình trụ. Có lẫn các tạp chất dễ thấy như lá cây, vỏ cây, sợi PP, kim loại, côn trùng, đất cát và các tạp chất khác.
A58: Grade 2 :FGC characteristics: Shape :conform to the Shape of container(cup, buckest). . Impurities: It contains visible impurities such as leaves, bark, PP fibers, metal, insects, dirt, sand, and other foreign matte
A59: …………….……….....………..….…………………..……………...…………..…………………………...……..…………...………………………………..........................................................................................................................................................................................................................................
A60: …………….……….....………..….…………………..……………...…………..…………………………...……..…………...………………………………..........................................................................................................................................................................................................................................
A61: …………….……….....………..….…………………..……………...…………..…………………………...……..…………...………………………………..........................................................................................................................................................................................................................................
A64: Yield for the month 1/2026 / SẢN LƯỢNG THÁNG 1 NĂM 2026
A65: No. | B65: Forest Plot Code | C65: Name of Plot | D65: Full Name | E65: Employee ID | F65: Date / Ngày ........... | H65: Date / Ngày ........... | J65: Date / Ngày ........... | L65: Date / Ngày ........... | N65: Date / Ngày ........... | P65: Date / Ngày ........... | R65: Date / Ngày ........... | T65: Date / Ngày ........... | V65: Total Days
V66: TỔNG 0 NGÀY
A67: STT | B67: Mã lô rừng | C67: Tên lô | D67: HỌ VÀ TÊN | E67: Mã số CN | F67: Tapp. Session/ Phiên cạo D | H67: Tapp. Session/ Phiên cạo D | J67: Tapp. Session/ Phiên cạo D | L67: Tapp. Session/ Phiên cạo D | N67: Tapp. Session/ Phiên cạo D | P67: Tapp. Session/ Phiên cạo D | R67: Tapp. Session/ Phiên cạo D | T67: Tapp. Session/ Phiên cạo D | V67: From…..top …...
V68: (Từ ngày…...đến ngày.…..)
F69: Cup Lump | H69: Cup Lump | J69: Cup Lump | L69: Cup Lump | N69: Cup Lump | P69: Cup Lump | R69: Cup Lump | T69: Cup Lump | V69: Cup Lump
F70: Mủ đông | H70: Mủ đông | J70: Mủ đông | L70: Mủ đông | N70: Mủ đông | P70: Mủ đông | R70: Mủ đông | T70: Mủ đông | V70: Mủ đông
V71: =SUM(F71:U71)
A72: Total / TC | F72: =SUM(F71:F71) | H72: =SUM(H71:H71) | J72: =SUM(J71:J71) | L72: =SUM(L71:L71) | N72: =SUM(N71:N71) | P72: =SUM(P71:P71) | R72: =SUM(R71:R71) | T72: =SUM(T71:T71) | V72: =SUBTOTAL(9,V71:V71)
A74: Notes/ GHI CHÚ:
A76: Đ: Đạt - mủ loại 1 đạt chất lượng : Có hình dáng theo dụng cụ chứa (chén, thùng) thường là hình trụ. Có màu trắng, vàng, không lẫn các tạp chất dễ thấy như lá cây, vỏ cây, sợi PP, kim loại, côn trùng, đất cát và các tạp chất khác
A77: Grade 1 :FGC characteristics: Shape :conform to the Shape of container(cup, buckest). Color :White, Yellow. Impurities : No no visible impurities such as leaves, bark, PP fibers, metal, insects, dirt, sand, or other foreign matter
A78: KĐ: Không đạt - mủ loại 2 không đạt chất lượng : Có hình dáng theo dụng cụ chứa (chén, thùng) thường là hình trụ. Có lẫn các tạp chất dễ thấy như lá cây, vỏ cây, sợi PP, kim loại, côn trùng, đất cát và các tạp chất khác.
A79: Grade 2 :FGC characteristics: Shape :conform to the Shape of container(cup, buckest). . Impurities: It contains visible impurities such as leaves, bark, PP fibers, metal, insects, dirt, sand, and other foreign matte
A80: …………….……….....………..….…………………..……………...…………..…………………………...……..…………...………………………………..........................................................................................................................................................................................................................................
A81: …………….……….....………..….…………………..……………...…………..…………………………...……..…………...………………………………..........................................................................................................................................................................................................................................
A82: …………….……….....………..….…………………..……………...…………..…………………………...……..…………...………………………………..........................................................................................................................................................................................................................................

Sheet T3
A1: Yield for the month 1/2026 / SẢN LƯỢNG THÁNG 1 NĂM 2026
A2: No. | B2: Forest Plot Code | C2: Name of Plot | D2: Full Name | E2: Employee ID | F2: Date / Ngày ........... | H2: Date / Ngày ........... | J2: Date / Ngày ........... | L2: Date / Ngày ........... | N2: Date / Ngày ........... | P2: Date / Ngày ........... | R2: Date / Ngày ........... | T2: Date / Ngày ........... | V2: Total Days
V3: TỔNG 0 NGÀY
A4: STT | B4: Mã lô rừng | C4: Tên lô | D4: HỌ VÀ TÊN | E4: Mã số CN | F4: Tapp. Session/ Phiên cạo A | H4: Tapp. Session/ Phiên cạo A | J4: Tapp. Session/ Phiên cạo A | L4: Tapp. Session/ Phiên cạo A | N4: Tapp. Session/ Phiên cạo A | P4: Tapp. Session/ Phiên cạo A | R4: Tapp. Session/ Phiên cạo A | T4: Tapp. Session/ Phiên cạo A | V4: From…..top …...
V5: (Từ ngày…...đến ngày.…..)
F6: Cup Lump | H6: Cup Lump | J6: Cup Lump | L6: Cup Lump | N6: Cup Lump | P6: Cup Lump | R6: Cup Lump | T6: Cup Lump | V6: Cup Lump
F7: Mủ đông | H7: Mủ đông | J7: Mủ đông | L7: Mủ đông | N7: Mủ đông | P7: Mủ đông | R7: Mủ đông | T7: Mủ đông | V7: Mủ đông
V8: =SUM(F8:U8)
A9: Total / TC | F9: =SUM(F8:F8) | H9: =SUM(H8:H8) | J9: =SUM(J8:J8) | L9: =SUM(L8:L8) | N9: =SUM(N8:N8) | P9: =SUM(P8:P8) | R9: =SUM(R8:R8) | T9: =SUM(T8:T8) | V9: =SUBTOTAL(9,V8:V8)
A11: Notes/ GHI CHÚ:
A13: Đ: Đạt - mủ loại 1 đạt chất lượng : Có hình dáng theo dụng cụ chứa (chén, thùng) thường là hình trụ. Có màu trắng, vàng, không lẫn các tạp chất dễ thấy như lá cây, vỏ cây, sợi PP, kim loại, côn trùng, đất cát và các tạp chất khác
A14: Grade 1 :FGC characteristics: Shape :conform to the Shape of container(cup, buckest). Color :White, Yellow. Impurities : No no visible impurities such as leaves, bark, PP fibers, metal, insects, dirt, sand, or other foreign matter
A15: KĐ: Không đạt - mủ loại 2 không đạt chất lượng : Có hình dáng theo dụng cụ chứa (chén, thùng) thường là hình trụ. Có lẫn các tạp chất dễ thấy như lá cây, vỏ cây, sợi PP, kim loại, côn trùng, đất cát và các tạp chất khác.
A16: Grade 2 :FGC characteristics: Shape :conform to the Shape of container(cup, buckest). . Impurities: It contains visible impurities such as leaves, bark, PP fibers, metal, insects, dirt, sand, and other foreign matte
A17: …………….……….....………..….…………………..……………...…………..…………………………...……..…………...………………………………..........................................................................................................................................................................................................................................
A18: …………….……….....………..….…………………..……………...…………..…………………………...……..…………...………………………………..........................................................................................................................................................................................................................................
A19: …………….……….....………..….…………………..……………...…………..…………………………...……..…………...………………………………..........................................................................................................................................................................................................................................
A22: Yield for the month 1/2026 / SẢN LƯỢNG THÁNG 1 NĂM 2026
A23: No. | B23: Forest Plot Code | C23: Name of Plot | D23: Full Name | E23: Employee ID | F23: Date / Ngày ........... | H23: Date / Ngày ........... | J23: Date / Ngày ........... | L23: Date / Ngày ........... | N23: Date / Ngày ........... | P23: Date / Ngày ........... | R23: Date / Ngày ........... | T23: Date / Ngày ........... | V23: Total Days
V24: TỔNG 0 NGÀY
A25: STT | B25: Mã lô rừng | C25: Tên lô | D25: HỌ VÀ TÊN | E25: Mã số CN | F25: Tapp. Session/ Phiên cạo B | H25: Tapp. Session/ Phiên cạo B | J25: Tapp. Session/ Phiên cạo B | L25: Tapp. Session/ Phiên cạo B | N25: Tapp. Session/ Phiên cạo B | P25: Tapp. Session/ Phiên cạo B | R25: Tapp. Session/ Phiên cạo B | T25: Tapp. Session/ Phiên cạo B | V25: From…..top …...
V26: (Từ ngày…...đến ngày.…..)
F27: Cup Lump | H27: Cup Lump | J27: Cup Lump | L27: Cup Lump | N27: Cup Lump | P27: Cup Lump | R27: Cup Lump | T27: Cup Lump | V27: Cup Lump
F28: Mủ đông | H28: Mủ đông | J28: Mủ đông | L28: Mủ đông | N28: Mủ đông | P28: Mủ đông | R28: Mủ đông | T28: Mủ đông | V28: Mủ đông
V29: =SUM(F29:U29)
A30: Total / TC | F30: =SUM(F29:F29) | H30: =SUM(H29:H29) | J30: =SUM(J29:J29) | L30: =SUM(L29:L29) | N30: =SUM(N29:N29) | P30: =SUM(P29:P29) | R30: =SUM(R29:R29) | T30: =SUM(T29:T29) | V30: =SUBTOTAL(9,V29:V29)
A32: Notes/ GHI CHÚ:
A34: Đ: Đạt - mủ loại 1 đạt chất lượng : Có hình dáng theo dụng cụ chứa (chén, thùng) thường là hình trụ. Có màu trắng, vàng, không lẫn các tạp chất dễ thấy như lá cây, vỏ cây, sợi PP, kim loại, côn trùng, đất cát và các tạp chất khác
A35: Grade 1 :FGC characteristics: Shape :conform to the Shape of container(cup, buckest). Color :White, Yellow. Impurities : No no visible impurities such as leaves, bark, PP fibers, metal, insects, dirt, sand, or other foreign matter
A36: KĐ: Không đạt - mủ loại 2 không đạt chất lượng : Có hình dáng theo dụng cụ chứa (chén, thùng) thường là hình trụ. Có lẫn các tạp chất dễ thấy như lá cây, vỏ cây, sợi PP, kim loại, côn trùng, đất cát và các tạp chất khác.
A37: Grade 2 :FGC characteristics: Shape :conform to the Shape of container(cup, buckest). . Impurities: It contains visible impurities such as leaves, bark, PP fibers, metal, insects, dirt, sand, and other foreign matte
A38: …………….……….....………..….…………………..……………...…………..…………………………...……..…………...………………………………..........................................................................................................................................................................................................................................
A39: …………….……….....………..….…………………..……………...…………..…………………………...……..…………...………………………………..........................................................................................................................................................................................................................................
A40: …………….……….....………..….…………………..……………...…………..…………………………...……..…………...………………………………..........................................................................................................................................................................................................................................
A43: Yield for the month 1/2026 / SẢN LƯỢNG THÁNG 1 NĂM 2026
A44: No. | B44: Forest Plot Code | C44: Name of Plot | D44: Full Name | E44: Employee ID | F44: Date / Ngày ........... | H44: Date / Ngày ........... | J44: Date / Ngày ........... | L44: Date / Ngày ........... | N44: Date / Ngày ........... | P44: Date / Ngày ........... | R44: Date / Ngày ........... | T44: Date / Ngày ........... | V44: Total Days
V45: TỔNG 0 NGÀY
A46: STT | B46: Mã lô rừng | C46: Tên lô | D46: HỌ VÀ TÊN | E46: Mã số CN | F46: Tapp. Session/ Phiên cạo C | H46: Tapp. Session/ Phiên cạo C | J46: Tapp. Session/ Phiên cạo C | L46: Tapp. Session/ Phiên cạo C | N46: Tapp. Session/ Phiên cạo C | P46: Tapp. Session/ Phiên cạo C | R46: Tapp. Session/ Phiên cạo C | T46: Tapp. Session/ Phiên cạo C | V46: From…..top …...
V47: (Từ ngày…...đến ngày.…..)
F48: Cup Lump | H48: Cup Lump | J48: Cup Lump | L48: Cup Lump | N48: Cup Lump | P48: Cup Lump | R48: Cup Lump | T48: Cup Lump | V48: Cup Lump
F49: Mủ đông | H49: Mủ đông | J49: Mủ đông | L49: Mủ đông | N49: Mủ đông | P49: Mủ đông | R49: Mủ đông | T49: Mủ đông | V49: Mủ đông
V50: =SUM(F50:U50)
A51: Total / TC | F51: =SUM(F50:F50) | H51: =SUM(H50:H50) | J51: =SUM(J50:J50) | L51: =SUM(L50:L50) | N51: =SUM(N50:N50) | P51: =SUM(P50:P50) | R51: =SUM(R50:R50) | T51: =SUM(T50:T50) | V51: =SUBTOTAL(9,V50:V50)
A53: Notes/ GHI CHÚ:
A55: Đ: Đạt - mủ loại 1 đạt chất lượng : Có hình dáng theo dụng cụ chứa (chén, thùng) thường là hình trụ. Có màu trắng, vàng, không lẫn các tạp chất dễ thấy như lá cây, vỏ cây, sợi PP, kim loại, côn trùng, đất cát và các tạp chất khác
A56: Grade 1 :FGC characteristics: Shape :conform to the Shape of container(cup, buckest). Color :White, Yellow. Impurities : No no visible impurities such as leaves, bark, PP fibers, metal, insects, dirt, sand, or other foreign matter
A57: KĐ: Không đạt - mủ loại 2 không đạt chất lượng : Có hình dáng theo dụng cụ chứa (chén, thùng) thường là hình trụ. Có lẫn các tạp chất dễ thấy như lá cây, vỏ cây, sợi PP, kim loại, côn trùng, đất cát và các tạp chất khác.
A58: Grade 2 :FGC characteristics: Shape :conform to the Shape of container(cup, buckest). . Impurities: It contains visible impurities such as leaves, bark, PP fibers, metal, insects, dirt, sand, and other foreign matte
A59: …………….……….....………..….…………………..……………...…………..…………………………...……..…………...………………………………..........................................................................................................................................................................................................................................
A60: …………….……….....………..….…………………..……………...…………..…………………………...……..…………...………………………………..........................................................................................................................................................................................................................................
A61: …………….……….....………..….…………………..……………...…………..…………………………...……..…………...………………………………..........................................................................................................................................................................................................................................
A64: Yield for the month 1/2026 / SẢN LƯỢNG THÁNG 1 NĂM 2026
A65: No. | B65: Forest Plot Code | C65: Name of Plot | D65: Full Name | E65: Employee ID | F65: Date / Ngày ........... | H65: Date / Ngày ........... | J65: Date / Ngày ........... | L65: Date / Ngày ........... | N65: Date / Ngày ........... | P65: Date / Ngày ........... | R65: Date / Ngày ........... | T65: Date / Ngày ........... | V65: Total Days
V66: TỔNG 0 NGÀY
A67: STT | B67: Mã lô rừng | C67: Tên lô | D67: HỌ VÀ TÊN | E67: Mã số CN | F67: Tapp. Session/ Phiên cạo D | H67: Tapp. Session/ Phiên cạo D | J67: Tapp. Session/ Phiên cạo D | L67: Tapp. Session/ Phiên cạo D | N67: Tapp. Session/ Phiên cạo D | P67: Tapp. Session/ Phiên cạo D | R67: Tapp. Session/ Phiên cạo D | T67: Tapp. Session/ Phiên cạo D | V67: From…..top …...
V68: (Từ ngày…...đến ngày.…..)
F69: Cup Lump | H69: Cup Lump | J69: Cup Lump | L69: Cup Lump | N69: Cup Lump | P69: Cup Lump | R69: Cup Lump | T69: Cup Lump | V69: Cup Lump
F70: Mủ đông | H70: Mủ đông | J70: Mủ đông | L70: Mủ đông | N70: Mủ đông | P70: Mủ đông | R70: Mủ đông | T70: Mủ đông | V70: Mủ đông
V71: =SUM(F71:U71)
A72: Total / TC | F72: =SUM(F71:F71) | H72: =SUM(H71:H71) | J72: =SUM(J71:J71) | L72: =SUM(L71:L71) | N72: =SUM(N71:N71) | P72: =SUM(P71:P71) | R72: =SUM(R71:R71) | T72: =SUM(T71:T71) | V72: =SUBTOTAL(9,V71:V71)
A74: Notes/ GHI CHÚ:
A76: Đ: Đạt - mủ loại 1 đạt chất lượng : Có hình dáng theo dụng cụ chứa (chén, thùng) thường là hình trụ. Có màu trắng, vàng, không lẫn các tạp chất dễ thấy như lá cây, vỏ cây, sợi PP, kim loại, côn trùng, đất cát và các tạp chất khác
A77: Grade 1 :FGC characteristics: Shape :conform to the Shape of container(cup, buckest). Color :White, Yellow. Impurities : No no visible impurities such as leaves, bark, PP fibers, metal, insects, dirt, sand, or other foreign matter
A78: KĐ: Không đạt - mủ loại 2 không đạt chất lượng : Có hình dáng theo dụng cụ chứa (chén, thùng) thường là hình trụ. Có lẫn các tạp chất dễ thấy như lá cây, vỏ cây, sợi PP, kim loại, côn trùng, đất cát và các tạp chất khác.
A79: Grade 2 :FGC characteristics: Shape :conform to the Shape of container(cup, buckest). . Impurities: It contains visible impurities such as leaves, bark, PP fibers, metal, insects, dirt, sand, and other foreign matte
A80: …………….……….....………..….…………………..……………...…………..…………………………...……..…………...………………………………..........................................................................................................................................................................................................................................
A81: …………….……….....………..….…………………..……………...…………..…………………………...……..…………...………………………………..........................................................................................................................................................................................................................................
A82: …………….……….....………..….…………………..……………...…………..…………………………...……..…………...………………………………..........................................................................................................................................................................................................................................

Sheet T4
A1: Yield for the month 1/2026 / SẢN LƯỢNG THÁNG 1 NĂM 2026
A2: No. | B2: Forest Plot Code | C2: Name of Plot | D2: Full Name | E2: Employee ID | F2: Date / Ngày ........... | H2: Date / Ngày ........... | J2: Date / Ngày ........... | L2: Date / Ngày ........... | N2: Date / Ngày ........... | P2: Date / Ngày ........... | R2: Date / Ngày ........... | T2: Date / Ngày ........... | V2: Total Days
V3: TỔNG 0 NGÀY
A4: STT | B4: Mã lô rừng | C4: Tên lô | D4: HỌ VÀ TÊN | E4: Mã số CN | F4: Tapp. Session/ Phiên cạo A | H4: Tapp. Session/ Phiên cạo A | J4: Tapp. Session/ Phiên cạo A | L4: Tapp. Session/ Phiên cạo A | N4: Tapp. Session/ Phiên cạo A | P4: Tapp. Session/ Phiên cạo A | R4: Tapp. Session/ Phiên cạo A | T4: Tapp. Session/ Phiên cạo A | V4: From…..top …...
V5: (Từ ngày…...đến ngày.…..)
F6: Cup Lump | H6: Cup Lump | J6: Cup Lump | L6: Cup Lump | N6: Cup Lump | P6: Cup Lump | R6: Cup Lump | T6: Cup Lump | V6: Cup Lump
F7: Mủ đông | H7: Mủ đông | J7: Mủ đông | L7: Mủ đông | N7: Mủ đông | P7: Mủ đông | R7: Mủ đông | T7: Mủ đông | V7: Mủ đông
V8: =SUM(F8:U8)
A9: Total / TC | F9: =SUM(F8:F8) | H9: =SUM(H8:H8) | J9: =SUM(J8:J8) | L9: =SUM(L8:L8) | N9: =SUM(N8:N8) | P9: =SUM(P8:P8) | R9: =SUM(R8:R8) | T9: =SUM(T8:T8) | V9: =SUBTOTAL(9,V8:V8)
A11: Notes/ GHI CHÚ:
A13: Đ: Đạt - mủ loại 1 đạt chất lượng : Có hình dáng theo dụng cụ chứa (chén, thùng) thường là hình trụ. Có màu trắng, vàng, không lẫn các tạp chất dễ thấy như lá cây, vỏ cây, sợi PP, kim loại, côn trùng, đất cát và các tạp chất khác
A14: Grade 1 :FGC characteristics: Shape :conform to the Shape of container(cup, buckest). Color :White, Yellow. Impurities : No no visible impurities such as leaves, bark, PP fibers, metal, insects, dirt, sand, or other foreign matter
A15: KĐ: Không đạt - mủ loại 2 không đạt chất lượng : Có hình dáng theo dụng cụ chứa (chén, thùng) thường là hình trụ. Có lẫn các tạp chất dễ thấy như lá cây, vỏ cây, sợi PP, kim loại, côn trùng, đất cát và các tạp chất khác.
A16: Grade 2 :FGC characteristics: Shape :conform to the Shape of container(cup, buckest). . Impurities: It contains visible impurities such as leaves, bark, PP fibers, metal, insects, dirt, sand, and other foreign matte
A17: …………….……….....………..….…………………..……………...…………..…………………………...……..…………...………………………………..........................................................................................................................................................................................................................................
A18: …………….……….....………..….…………………..……………...…………..…………………………...……..…………...………………………………..........................................................................................................................................................................................................................................
A19: …………….……….....………..….…………………..……………...…………..…………………………...……..…………...………………………………..........................................................................................................................................................................................................................................
A22: Yield for the month 1/2026 / SẢN LƯỢNG THÁNG 1 NĂM 2026
A23: No. | B23: Forest Plot Code | C23: Name of Plot | D23: Full Name | E23: Employee ID | F23: Date / Ngày ........... | H23: Date / Ngày ........... | J23: Date / Ngày ........... | L23: Date / Ngày ........... | N23: Date / Ngày ........... | P23: Date / Ngày ........... | R23: Date / Ngày ........... | T23: Date / Ngày ........... | V23: Total Days
V24: TỔNG 0 NGÀY
A25: STT | B25: Mã lô rừng | C25: Tên lô | D25: HỌ VÀ TÊN | E25: Mã số CN | F25: Tapp. Session/ Phiên cạo B | H25: Tapp. Session/ Phiên cạo B | J25: Tapp. Session/ Phiên cạo B | L25: Tapp. Session/ Phiên cạo B | N25: Tapp. Session/ Phiên cạo B | P25: Tapp. Session/ Phiên cạo B | R25: Tapp. Session/ Phiên cạo B | T25: Tapp. Session/ Phiên cạo B | V25: From…..top …...
V26: (Từ ngày…...đến ngày.…..)
F27: Cup Lump | H27: Cup Lump | J27: Cup Lump | L27: Cup Lump | N27: Cup Lump | P27: Cup Lump | R27: Cup Lump | T27: Cup Lump | V27: Cup Lump
F28: Mủ đông | H28: Mủ đông | J28: Mủ đông | L28: Mủ đông | N28: Mủ đông | P28: Mủ đông | R28: Mủ đông | T28: Mủ đông | V28: Mủ đông
V29: =SUM(F29:U29)
A30: Total / TC | F30: =SUM(F29:F29) | H30: =SUM(H29:H29) | J30: =SUM(J29:J29) | L30: =SUM(L29:L29) | N30: =SUM(N29:N29) | P30: =SUM(P29:P29) | R30: =SUM(R29:R29) | T30: =SUM(T29:T29) | V30: =SUBTOTAL(9,V29:V29)
A32: Notes/ GHI CHÚ:
A34: Đ: Đạt - mủ loại 1 đạt chất lượng : Có hình dáng theo dụng cụ chứa (chén, thùng) thường là hình trụ. Có màu trắng, vàng, không lẫn các tạp chất dễ thấy như lá cây, vỏ cây, sợi PP, kim loại, côn trùng, đất cát và các tạp chất khác
A35: Grade 1 :FGC characteristics: Shape :conform to the Shape of container(cup, buckest). Color :White, Yellow. Impurities : No no visible impurities such as leaves, bark, PP fibers, metal, insects, dirt, sand, or other foreign matter
A36: KĐ: Không đạt - mủ loại 2 không đạt chất lượng : Có hình dáng theo dụng cụ chứa (chén, thùng) thường là hình trụ. Có lẫn các tạp chất dễ thấy như lá cây, vỏ cây, sợi PP, kim loại, côn trùng, đất cát và các tạp chất khác.
A37: Grade 2 :FGC characteristics: Shape :conform to the Shape of container(cup, buckest). . Impurities: It contains visible impurities such as leaves, bark, PP fibers, metal, insects, dirt, sand, and other foreign matte
A38: …………….……….....………..….…………………..……………...…………..…………………………...……..…………...………………………………..........................................................................................................................................................................................................................................
A39: …………….……….....………..….…………………..……………...…………..…………………………...……..…………...………………………………..........................................................................................................................................................................................................................................
A40: …………….……….....………..….…………………..……………...…………..…………………………...……..…………...………………………………..........................................................................................................................................................................................................................................
A43: Yield for the month 1/2026 / SẢN LƯỢNG THÁNG 1 NĂM 2026
A44: No. | B44: Forest Plot Code | C44: Name of Plot | D44: Full Name | E44: Employee ID | F44: Date / Ngày ........... | H44: Date / Ngày ........... | J44: Date / Ngày ........... | L44: Date / Ngày ........... | N44: Date / Ngày ........... | P44: Date / Ngày ........... | R44: Date / Ngày ........... | T44: Date / Ngày ........... | V44: Total Days
V45: TỔNG 0 NGÀY
A46: STT | B46: Mã lô rừng | C46: Tên lô | D46: HỌ VÀ TÊN | E46: Mã số CN | F46: Tapp. Session/ Phiên cạo C | H46: Tapp. Session/ Phiên cạo C | J46: Tapp. Session/ Phiên cạo C | L46: Tapp. Session/ Phiên cạo C | N46: Tapp. Session/ Phiên cạo C | P46: Tapp. Session/ Phiên cạo C | R46: Tapp. Session/ Phiên cạo C | T46: Tapp. Session/ Phiên cạo C | V46: From…..top …...
V47: (Từ ngày…...đến ngày.…..)
F48: Cup Lump | H48: Cup Lump | J48: Cup Lump | L48: Cup Lump | N48: Cup Lump | P48: Cup Lump | R48: Cup Lump | T48: Cup Lump | V48: Cup Lump
F49: Mủ đông | H49: Mủ đông | J49: Mủ đông | L49: Mủ đông | N49: Mủ đông | P49: Mủ đông | R49: Mủ đông | T49: Mủ đông | V49: Mủ đông
V50: =SUM(F50:U50)
A51: Total / TC | F51: =SUM(F50:F50) | H51: =SUM(H50:H50) | J51: =SUM(J50:J50) | L51: =SUM(L50:L50) | N51: =SUM(N50:N50) | P51: =SUM(P50:P50) | R51: =SUM(R50:R50) | T51: =SUM(T50:T50) | V51: =SUBTOTAL(9,V50:V50)
A53: Notes/ GHI CHÚ:
A55: Đ: Đạt - mủ loại 1 đạt chất lượng : Có hình dáng theo dụng cụ chứa (chén, thùng) thường là hình trụ. Có màu trắng, vàng, không lẫn các tạp chất dễ thấy như lá cây, vỏ cây, sợi PP, kim loại, côn trùng, đất cát và các tạp chất khác
A56: Grade 1 :FGC characteristics: Shape :conform to the Shape of container(cup, buckest). Color :White, Yellow. Impurities : No no visible impurities such as leaves, bark, PP fibers, metal, insects, dirt, sand, or other foreign matter
A57: KĐ: Không đạt - mủ loại 2 không đạt chất lượng : Có hình dáng theo dụng cụ chứa (chén, thùng) thường là hình trụ. Có lẫn các tạp chất dễ thấy như lá cây, vỏ cây, sợi PP, kim loại, côn trùng, đất cát và các tạp chất khác.
A58: Grade 2 :FGC characteristics: Shape :conform to the Shape of container(cup, buckest). . Impurities: It contains visible impurities such as leaves, bark, PP fibers, metal, insects, dirt, sand, and other foreign matte
A59: …………….……….....………..….…………………..……………...…………..…………………………...……..…………...………………………………..........................................................................................................................................................................................................................................
A60: …………….……….....………..….…………………..……………...…………..…………………………...……..…………...………………………………..........................................................................................................................................................................................................................................
A61: …………….……….....………..….…………………..……………...…………..…………………………...……..…………...………………………………..........................................................................................................................................................................................................................................
A64: Yield for the month 1/2026 / SẢN LƯỢNG THÁNG 1 NĂM 2026
A65: No. | B65: Forest Plot Code | C65: Name of Plot | D65: Full Name | E65: Employee ID | F65: Date / Ngày ........... | H65: Date / Ngày ........... | J65: Date / Ngày ........... | L65: Date / Ngày ........... | N65: Date / Ngày ........... | P65: Date / Ngày ........... | R65: Date / Ngày ........... | T65: Date / Ngày ........... | V65: Total Days
V66: TỔNG 0 NGÀY
A67: STT | B67: Mã lô rừng | C67: Tên lô | D67: HỌ VÀ TÊN | E67: Mã số CN | F67: Tapp. Session/ Phiên cạo D | H67: Tapp. Session/ Phiên cạo D | J67: Tapp. Session/ Phiên cạo D | L67: Tapp. Session/ Phiên cạo D | N67: Tapp. Session/ Phiên cạo D | P67: Tapp. Session/ Phiên cạo D | R67: Tapp. Session/ Phiên cạo D | T67: Tapp. Session/ Phiên cạo D | V67: From…..top …...
V68: (Từ ngày…...đến ngày.…..)
F69: Cup Lump | H69: Cup Lump | J69: Cup Lump | L69: Cup Lump | N69: Cup Lump | P69: Cup Lump | R69: Cup Lump | T69: Cup Lump | V69: Cup Lump
F70: Mủ đông | H70: Mủ đông | J70: Mủ đông | L70: Mủ đông | N70: Mủ đông | P70: Mủ đông | R70: Mủ đông | T70: Mủ đông | V70: Mủ đông
V71: =SUM(F71:U71)
A72: Total / TC | F72: =SUM(F71:F71) | H72: =SUM(H71:H71) | J72: =SUM(J71:J71) | L72: =SUM(L71:L71) | N72: =SUM(N71:N71) | P72: =SUM(P71:P71) | R72: =SUM(R71:R71) | T72: =SUM(T71:T71) | V72: =SUBTOTAL(9,V71:V71)
A74: Notes/ GHI CHÚ:
A76: Đ: Đạt - mủ loại 1 đạt chất lượng : Có hình dáng theo dụng cụ chứa (chén, thùng) thường là hình trụ. Có màu trắng, vàng, không lẫn các tạp chất dễ thấy như lá cây, vỏ cây, sợi PP, kim loại, côn trùng, đất cát và các tạp chất khác
A77: Grade 1 :FGC characteristics: Shape :conform to the Shape of container(cup, buckest). Color :White, Yellow. Impurities : No no visible impurities such as leaves, bark, PP fibers, metal, insects, dirt, sand, or other foreign matter
A78: KĐ: Không đạt - mủ loại 2 không đạt chất lượng : Có hình dáng theo dụng cụ chứa (chén, thùng) thường là hình trụ. Có lẫn các tạp chất dễ thấy như lá cây, vỏ cây, sợi PP, kim loại, côn trùng, đất cát và các tạp chất khác.
A79: Grade 2 :FGC characteristics: Shape :conform to the Shape of container(cup, buckest). . Impurities: It contains visible impurities such as leaves, bark, PP fibers, metal, insects, dirt, sand, and other foreign matte
A80: …………….……….....………..….…………………..……………...…………..…………………………...……..…………...………………………………..........................................................................................................................................................................................................................................
A81: …………….……….....………..….…………………..……………...…………..…………………………...……..…………...………………………………..........................................................................................................................................................................................................................................
A82: …………….……….....………..….…………………..……………...…………..…………………………...……..…………...………………………………..........................................................................................................................................................................................................................................

Sheet T5
A1: Yield for the month 1/2026 / SẢN LƯỢNG THÁNG 1 NĂM 2026
A2: No. | B2: Forest Plot Code | C2: Name of Plot | D2: Full Name | E2: Employee ID | F2: Date / Ngày ........... | H2: Date / Ngày ........... | J2: Date / Ngày ........... | L2: Date / Ngày ........... | N2: Date / Ngày ........... | P2: Date / Ngày ........... | R2: Date / Ngày ........... | T2: Date / Ngày ........... | V2: Total Days
V3: TỔNG 0 NGÀY
A4: STT | B4: Mã lô rừng | C4: Tên lô | D4: HỌ VÀ TÊN | E4: Mã số CN | F4: Tapp. Session/ Phiên cạo A | H4: Tapp. Session/ Phiên cạo A | J4: Tapp. Session/ Phiên cạo A | L4: Tapp. Session/ Phiên cạo A | N4: Tapp. Session/ Phiên cạo A | P4: Tapp. Session/ Phiên cạo A | R4: Tapp. Session/ Phiên cạo A | T4: Tapp. Session/ Phiên cạo A | V4: From…..top …...
V5: (Từ ngày…...đến ngày.…..)
F6: Cup Lump | H6: Cup Lump | J6: Cup Lump | L6: Cup Lump | N6: Cup Lump | P6: Cup Lump | R6: Cup Lump | T6: Cup Lump | V6: Cup Lump
F7: Mủ đông | H7: Mủ đông | J7: Mủ đông | L7: Mủ đông | N7: Mủ đông | P7: Mủ đông | R7: Mủ đông | T7: Mủ đông | V7: Mủ đông
V8: =SUM(F8:U8)
A9: Total / TC | F9: =SUM(F8:F8) | H9: =SUM(H8:H8) | J9: =SUM(J8:J8) | L9: =SUM(L8:L8) | N9: =SUM(N8:N8) | P9: =SUM(P8:P8) | R9: =SUM(R8:R8) | T9: =SUM(T8:T8) | V9: =SUBTOTAL(9,V8:V8)
A11: Notes/ GHI CHÚ:
A13: Đ: Đạt - mủ loại 1 đạt chất lượng : Có hình dáng theo dụng cụ chứa (chén, thùng) thường là hình trụ. Có màu trắng, vàng, không lẫn các tạp chất dễ thấy như lá cây, vỏ cây, sợi PP, kim loại, côn trùng, đất cát và các tạp chất khác
A14: Grade 1 :FGC characteristics: Shape :conform to the Shape of container(cup, buckest). Color :White, Yellow. Impurities : No no visible impurities such as leaves, bark, PP fibers, metal, insects, dirt, sand, or other foreign matter
A15: KĐ: Không đạt - mủ loại 2 không đạt chất lượng : Có hình dáng theo dụng cụ chứa (chén, thùng) thường là hình trụ. Có lẫn các tạp chất dễ thấy như lá cây, vỏ cây, sợi PP, kim loại, côn trùng, đất cát và các tạp chất khác.
A16: Grade 2 :FGC characteristics: Shape :conform to the Shape of container(cup, buckest). . Impurities: It contains visible impurities such as leaves, bark, PP fibers, metal, insects, dirt, sand, and other foreign matte
A17: …………….……….....………..….…………………..……………...…………..…………………………...……..…………...………………………………..........................................................................................................................................................................................................................................
A18: …………….……….....………..….…………………..……………...…………..…………………………...……..…………...………………………………..........................................................................................................................................................................................................................................
A19: …………….……….....………..….…………………..……………...…………..…………………………...……..…………...………………………………..........................................................................................................................................................................................................................................
A22: Yield for the month 1/2026 / SẢN LƯỢNG THÁNG 1 NĂM 2026
A23: No. | B23: Forest Plot Code | C23: Name of Plot | D23: Full Name | E23: Employee ID | F23: Date / Ngày ........... | H23: Date / Ngày ........... | J23: Date / Ngày ........... | L23: Date / Ngày ........... | N23: Date / Ngày ........... | P23: Date / Ngày ........... | R23: Date / Ngày ........... | T23: Date / Ngày ........... | V23: Total Days
V24: TỔNG 0 NGÀY
A25: STT | B25: Mã lô rừng | C25: Tên lô | D25: HỌ VÀ TÊN | E25: Mã số CN | F25: Tapp. Session/ Phiên cạo B | H25: Tapp. Session/ Phiên cạo B | J25: Tapp. Session/ Phiên cạo B | L25: Tapp. Session/ Phiên cạo B | N25: Tapp. Session/ Phiên cạo B | P25: Tapp. Session/ Phiên cạo B | R25: Tapp. Session/ Phiên cạo B | T25: Tapp. Session/ Phiên cạo B | V25: From…..top …...
V26: (Từ ngày…...đến ngày.…..)
F27: Cup Lump | H27: Cup Lump | J27: Cup Lump | L27: Cup Lump | N27: Cup Lump | P27: Cup Lump | R27: Cup Lump | T27: Cup Lump | V27: Cup Lump
F28: Mủ đông | H28: Mủ đông | J28: Mủ đông | L28: Mủ đông | N28: Mủ đông | P28: Mủ đông | R28: Mủ đông | T28: Mủ đông | V28: Mủ đông
V29: =SUM(F29:U29)
A30: Total / TC | F30: =SUM(F29:F29) | H30: =SUM(H29:H29) | J30: =SUM(J29:J29) | L30: =SUM(L29:L29) | N30: =SUM(N29:N29) | P30: =SUM(P29:P29) | R30: =SUM(R29:R29) | T30: =SUM(T29:T29) | V30: =SUBTOTAL(9,V29:V29)
A32: Notes/ GHI CHÚ:
A34: Đ: Đạt - mủ loại 1 đạt chất lượng : Có hình dáng theo dụng cụ chứa (chén, thùng) thường là hình trụ. Có màu trắng, vàng, không lẫn các tạp chất dễ thấy như lá cây, vỏ cây, sợi PP, kim loại, côn trùng, đất cát và các tạp chất khác
A35: Grade 1 :FGC characteristics: Shape :conform to the Shape of container(cup, buckest). Color :White, Yellow. Impurities : No no visible impurities such as leaves, bark, PP fibers, metal, insects, dirt, sand, or other foreign matter
A36: KĐ: Không đạt - mủ loại 2 không đạt chất lượng : Có hình dáng theo dụng cụ chứa (chén, thùng) thường là hình trụ. Có lẫn các tạp chất dễ thấy như lá cây, vỏ cây, sợi PP, kim loại, côn trùng, đất cát và các tạp chất khác.
A37: Grade 2 :FGC characteristics: Shape :conform to the Shape of container(cup, buckest). . Impurities: It contains visible impurities such as leaves, bark, PP fibers, metal, insects, dirt, sand, and other foreign matte
A38: …………….……….....………..….…………………..……………...…………..…………………………...……..…………...………………………………..........................................................................................................................................................................................................................................
A39: …………….……….....………..….…………………..……………...…………..…………………………...……..…………...………………………………..........................................................................................................................................................................................................................................
A40: …………….……….....………..….…………………..……………...…………..…………………………...……..…………...………………………………..........................................................................................................................................................................................................................................
A43: Yield for the month 1/2026 / SẢN LƯỢNG THÁNG 1 NĂM 2026
A44: No. | B44: Forest Plot Code | C44: Name of Plot | D44: Full Name | E44: Employee ID | F44: Date / Ngày ........... | H44: Date / Ngày ........... | J44: Date / Ngày ........... | L44: Date / Ngày ........... | N44: Date / Ngày ........... | P44: Date / Ngày ........... | R44: Date / Ngày ........... | T44: Date / Ngày ........... | V44: Total Days
V45: TỔNG 0 NGÀY
A46: STT | B46: Mã lô rừng | C46: Tên lô | D46: HỌ VÀ TÊN | E46: Mã số CN | F46: Tapp. Session/ Phiên cạo C | H46: Tapp. Session/ Phiên cạo C | J46: Tapp. Session/ Phiên cạo C | L46: Tapp. Session/ Phiên cạo C | N46: Tapp. Session/ Phiên cạo C | P46: Tapp. Session/ Phiên cạo C | R46: Tapp. Session/ Phiên cạo C | T46: Tapp. Session/ Phiên cạo C | V46: From…..top …...
V47: (Từ ngày…...đến ngày.…..)
F48: Cup Lump | H48: Cup Lump | J48: Cup Lump | L48: Cup Lump | N48: Cup Lump | P48: Cup Lump | R48: Cup Lump | T48: Cup Lump | V48: Cup Lump
F49: Mủ đông | H49: Mủ đông | J49: Mủ đông | L49: Mủ đông | N49: Mủ đông | P49: Mủ đông | R49: Mủ đông | T49: Mủ đông | V49: Mủ đông
V50: =SUM(F50:U50)
A51: Total / TC | F51: =SUM(F50:F50) | H51: =SUM(H50:H50) | J51: =SUM(J50:J50) | L51: =SUM(L50:L50) | N51: =SUM(N50:N50) | P51: =SUM(P50:P50) | R51: =SUM(R50:R50) | T51: =SUM(T50:T50) | V51: =SUBTOTAL(9,V50:V50)
A53: Notes/ GHI CHÚ:
A55: Đ: Đạt - mủ loại 1 đạt chất lượng : Có hình dáng theo dụng cụ chứa (chén, thùng) thường là hình trụ. Có màu trắng, vàng, không lẫn các tạp chất dễ thấy như lá cây, vỏ cây, sợi PP, kim loại, côn trùng, đất cát và các tạp chất khác
A56: Grade 1 :FGC characteristics: Shape :conform to the Shape of container(cup, buckest). Color :White, Yellow. Impurities : No no visible impurities such as leaves, bark, PP fibers, metal, insects, dirt, sand, or other foreign matter
A57: KĐ: Không đạt - mủ loại 2 không đạt chất lượng : Có hình dáng theo dụng cụ chứa (chén, thùng) thường là hình trụ. Có lẫn các tạp chất dễ thấy như lá cây, vỏ cây, sợi PP, kim loại, côn trùng, đất cát và các tạp chất khác.
A58: Grade 2 :FGC characteristics: Shape :conform to the Shape of container(cup, buckest). . Impurities: It contains visible impurities such as leaves, bark, PP fibers, metal, insects, dirt, sand, and other foreign matte
A59: …………….……….....………..….…………………..……………...…………..…………………………...……..…………...………………………………..........................................................................................................................................................................................................................................
A60: …………….……….....………..….…………………..……………...…………..…………………………...……..…………...………………………………..........................................................................................................................................................................................................................................
A61: …………….……….....………..….…………………..……………...…………..…………………………...……..…………...………………………………..........................................................................................................................................................................................................................................
A64: Yield for the month 1/2026 / SẢN LƯỢNG THÁNG 1 NĂM 2026
A65: No. | B65: Forest Plot Code | C65: Name of Plot | D65: Full Name | E65: Employee ID | F65: Date / Ngày ........... | H65: Date / Ngày ........... | J65: Date / Ngày ........... | L65: Date / Ngày ........... | N65: Date / Ngày ........... | P65: Date / Ngày ........... | R65: Date / Ngày ........... | T65: Date / Ngày ........... | V65: Total Days
V66: TỔNG 0 NGÀY
A67: STT | B67: Mã lô rừng | C67: Tên lô | D67: HỌ VÀ TÊN | E67: Mã số CN | F67: Tapp. Session/ Phiên cạo D | H67: Tapp. Session/ Phiên cạo D | J67: Tapp. Session/ Phiên cạo D | L67: Tapp. Session/ Phiên cạo D | N67: Tapp. Session/ Phiên cạo D | P67: Tapp. Session/ Phiên cạo D | R67: Tapp. Session/ Phiên cạo D | T67: Tapp. Session/ Phiên cạo D | V67: From…..top …...
V68: (Từ ngày…...đến ngày.…..)
F69: Cup Lump | H69: Cup Lump | J69: Cup Lump | L69: Cup Lump | N69: Cup Lump | P69: Cup Lump | R69: Cup Lump | T69: Cup Lump | V69: Cup Lump
F70: Mủ đông | H70: Mủ đông | J70: Mủ đông | L70: Mủ đông | N70: Mủ đông | P70: Mủ đông | R70: Mủ đông | T70: Mủ đông | V70: Mủ đông
V71: =SUM(F71:U71)
A72: Total / TC | F72: =SUM(F71:F71) | H72: =SUM(H71:H71) | J72: =SUM(J71:J71) | L72: =SUM(L71:L71) | N72: =SUM(N71:N71) | P72: =SUM(P71:P71) | R72: =SUM(R71:R71) | T72: =SUM(T71:T71) | V72: =SUBTOTAL(9,V71:V71)
A74: Notes/ GHI CHÚ:
A76: Đ: Đạt - mủ loại 1 đạt chất lượng : Có hình dáng theo dụng cụ chứa (chén, thùng) thường là hình trụ. Có màu trắng, vàng, không lẫn các tạp chất dễ thấy như lá cây, vỏ cây, sợi PP, kim loại, côn trùng, đất cát và các tạp chất khác
A77: Grade 1 :FGC characteristics: Shape :conform to the Shape of container(cup, buckest). Color :White, Yellow. Impurities : No no visible impurities such as leaves, bark, PP fibers, metal, insects, dirt, sand, or other foreign matter
A78: KĐ: Không đạt - mủ loại 2 không đạt chất lượng : Có hình dáng theo dụng cụ chứa (chén, thùng) thường là hình trụ. Có lẫn các tạp chất dễ thấy như lá cây, vỏ cây, sợi PP, kim loại, côn trùng, đất cát và các tạp chất khác.
A79: Grade 2 :FGC characteristics: Shape :conform to the Shape of container(cup, buckest). . Impurities: It contains visible impurities such as leaves, bark, PP fibers, metal, insects, dirt, sand, and other foreign matte
A80: …………….……….....………..….…………………..……………...…………..…………………………...……..…………...………………………………..........................................................................................................................................................................................................................................
A81: …………….……….....………..….…………………..……………...…………..…………………………...……..…………...………………………………..........................................................................................................................................................................................................................................
A82: …………….……….....………..….…………………..……………...…………..…………………………...……..…………...………………………………..........................................................................................................................................................................................................................................

Sheet T6
A1: Yield for the month 1/2026 / SẢN LƯỢNG THÁNG 1 NĂM 2026
A2: No. | B2: Forest Plot Code | C2: Name of Plot | D2: Full Name | E2: Employee ID | F2: Date / Ngày ........... | H2: Date / Ngày ........... | J2: Date / Ngày ........... | L2: Date / Ngày ........... | N2: Date / Ngày ........... | P2: Date / Ngày ........... | R2: Date / Ngày ........... | T2: Date / Ngày ........... | V2: Total Days
V3: TỔNG 0 NGÀY
A4: STT | B4: Mã lô rừng | C4: Tên lô | D4: HỌ VÀ TÊN | E4: Mã số CN | F4: Tapp. Session/ Phiên cạo A | H4: Tapp. Session/ Phiên cạo A | J4: Tapp. Session/ Phiên cạo A | L4: Tapp. Session/ Phiên cạo A | N4: Tapp. Session/ Phiên cạo A | P4: Tapp. Session/ Phiên cạo A | R4: Tapp. Session/ Phiên cạo A | T4: Tapp. Session/ Phiên cạo A | V4: From…..top …...
V5: (Từ ngày…...đến ngày.…..)
F6: Cup Lump | H6: Cup Lump | J6: Cup Lump | L6: Cup Lump | N6: Cup Lump | P6: Cup Lump | R6: Cup Lump | T6: Cup Lump | V6: Cup Lump
F7: Mủ đông | H7: Mủ đông | J7: Mủ đông | L7: Mủ đông | N7: Mủ đông | P7: Mủ đông | R7: Mủ đông | T7: Mủ đông | V7: Mủ đông
V8: =SUM(F8:U8)
A9: Total / TC | F9: =SUM(F8:F8) | H9: =SUM(H8:H8) | J9: =SUM(J8:J8) | L9: =SUM(L8:L8) | N9: =SUM(N8:N8) | P9: =SUM(P8:P8) | R9: =SUM(R8:R8) | T9: =SUM(T8:T8) | V9: =SUBTOTAL(9,V8:V8)
A11: Notes/ GHI CHÚ:
A13: Đ: Đạt - mủ loại 1 đạt chất lượng : Có hình dáng theo dụng cụ chứa (chén, thùng) thường là hình trụ. Có màu trắng, vàng, không lẫn các tạp chất dễ thấy như lá cây, vỏ cây, sợi PP, kim loại, côn trùng, đất cát và các tạp chất khác
A14: Grade 1 :FGC characteristics: Shape :conform to the Shape of container(cup, buckest). Color :White, Yellow. Impurities : No no visible impurities such as leaves, bark, PP fibers, metal, insects, dirt, sand, or other foreign matter
A15: KĐ: Không đạt - mủ loại 2 không đạt chất lượng : Có hình dáng theo dụng cụ chứa (chén, thùng) thường là hình trụ. Có lẫn các tạp chất dễ thấy như lá cây, vỏ cây, sợi PP, kim loại, côn trùng, đất cát và các tạp chất khác.
A16: Grade 2 :FGC characteristics: Shape :conform to the Shape of container(cup, buckest). . Impurities: It contains visible impurities such as leaves, bark, PP fibers, metal, insects, dirt, sand, and other foreign matte
A17: …………….……….....………..….…………………..……………...…………..…………………………...……..…………...………………………………..........................................................................................................................................................................................................................................
A18: …………….……….....………..….…………………..……………...…………..…………………………...……..…………...………………………………..........................................................................................................................................................................................................................................
A19: …………….……….....………..….…………………..……………...…………..…………………………...……..…………...………………………………..........................................................................................................................................................................................................................................
A22: Yield for the month 1/2026 / SẢN LƯỢNG THÁNG 1 NĂM 2026
A23: No. | B23: Forest Plot Code | C23: Name of Plot | D23: Full Name | E23: Employee ID | F23: Date / Ngày ........... | H23: Date / Ngày ........... | J23: Date / Ngày ........... | L23: Date / Ngày ........... | N23: Date / Ngày ........... | P23: Date / Ngày ........... | R23: Date / Ngày ........... | T23: Date / Ngày ........... | V23: Total Days
V24: TỔNG 0 NGÀY
A25: STT | B25: Mã lô rừng | C25: Tên lô | D25: HỌ VÀ TÊN | E25: Mã số CN | F25: Tapp. Session/ Phiên cạo B | H25: Tapp. Session/ Phiên cạo B | J25: Tapp. Session/ Phiên cạo B | L25: Tapp. Session/ Phiên cạo B | N25: Tapp. Session/ Phiên cạo B | P25: Tapp. Session/ Phiên cạo B | R25: Tapp. Session/ Phiên cạo B | T25: Tapp. Session/ Phiên cạo B | V25: From…..top …...
V26: (Từ ngày…...đến ngày.…..)
F27: Cup Lump | H27: Cup Lump | J27: Cup Lump | L27: Cup Lump | N27: Cup Lump | P27: Cup Lump | R27: Cup Lump | T27: Cup Lump | V27: Cup Lump
F28: Mủ đông | H28: Mủ đông | J28: Mủ đông | L28: Mủ đông | N28: Mủ đông | P28: Mủ đông | R28: Mủ đông | T28: Mủ đông | V28: Mủ đông
V29: =SUM(F29:U29)
A30: Total / TC | F30: =SUM(F29:F29) | H30: =SUM(H29:H29) | J30: =SUM(J29:J29) | L30: =SUM(L29:L29) | N30: =SUM(N29:N29) | P30: =SUM(P29:P29) | R30: =SUM(R29:R29) | T30: =SUM(T29:T29) | V30: =SUBTOTAL(9,V29:V29)
A32: Notes/ GHI CHÚ:
A34: Đ: Đạt - mủ loại 1 đạt chất lượng : Có hình dáng theo dụng cụ chứa (chén, thùng) thường là hình trụ. Có màu trắng, vàng, không lẫn các tạp chất dễ thấy như lá cây, vỏ cây, sợi PP, kim loại, côn trùng, đất cát và các tạp chất khác
A35: Grade 1 :FGC characteristics: Shape :conform to the Shape of container(cup, buckest). Color :White, Yellow. Impurities : No no visible impurities such as leaves, bark, PP fibers, metal, insects, dirt, sand, or other foreign matter
A36: KĐ: Không đạt - mủ loại 2 không đạt chất lượng : Có hình dáng theo dụng cụ chứa (chén, thùng) thường là hình trụ. Có lẫn các tạp chất dễ thấy như lá cây, vỏ cây, sợi PP, kim loại, côn trùng, đất cát và các tạp chất khác.
A37: Grade 2 :FGC characteristics: Shape :conform to the Shape of container(cup, buckest). . Impurities: It contains visible impurities such as leaves, bark, PP fibers, metal, insects, dirt, sand, and other foreign matte
A38: …………….……….....………..….…………………..……………...…………..…………………………...……..…………...………………………………..........................................................................................................................................................................................................................................
A39: …………….……….....………..….…………………..……………...…………..…………………………...……..…………...………………………………..........................................................................................................................................................................................................................................
A40: …………….……….....………..….…………………..……………...…………..…………………………...……..…………...………………………………..........................................................................................................................................................................................................................................
A43: Yield for the month 1/2026 / SẢN LƯỢNG THÁNG 1 NĂM 2026
A44: No. | B44: Forest Plot Code | C44: Name of Plot | D44: Full Name | E44: Employee ID | F44: Date / Ngày ........... | H44: Date / Ngày ........... | J44: Date / Ngày ........... | L44: Date / Ngày ........... | N44: Date / Ngày ........... | P44: Date / Ngày ........... | R44: Date / Ngày ........... | T44: Date / Ngày ........... | V44: Total Days
V45: TỔNG 0 NGÀY
A46: STT | B46: Mã lô rừng | C46: Tên lô | D46: HỌ VÀ TÊN | E46: Mã số CN | F46: Tapp. Session/ Phiên cạo C | H46: Tapp. Session/ Phiên cạo C | J46: Tapp. Session/ Phiên cạo C | L46: Tapp. Session/ Phiên cạo C | N46: Tapp. Session/ Phiên cạo C | P46: Tapp. Session/ Phiên cạo C | R46: Tapp. Session/ Phiên cạo C | T46: Tapp. Session/ Phiên cạo C | V46: From…..top …...
V47: (Từ ngày…...đến ngày.…..)
F48: Cup Lump | H48: Cup Lump | J48: Cup Lump | L48: Cup Lump | N48: Cup Lump | P48: Cup Lump | R48: Cup Lump | T48: Cup Lump | V48: Cup Lump
F49: Mủ đông | H49: Mủ đông | J49: Mủ đông | L49: Mủ đông | N49: Mủ đông | P49: Mủ đông | R49: Mủ đông | T49: Mủ đông | V49: Mủ đông
V50: =SUM(F50:U50)
A51: Total / TC | F51: =SUM(F50:F50) | H51: =SUM(H50:H50) | J51: =SUM(J50:J50) | L51: =SUM(L50:L50) | N51: =SUM(N50:N50) | P51: =SUM(P50:P50) | R51: =SUM(R50:R50) | T51: =SUM(T50:T50) | V51: =SUBTOTAL(9,V50:V50)
A53: Notes/ GHI CHÚ:
A55: Đ: Đạt - mủ loại 1 đạt chất lượng : Có hình dáng theo dụng cụ chứa (chén, thùng) thường là hình trụ. Có màu trắng, vàng, không lẫn các tạp chất dễ thấy như lá cây, vỏ cây, sợi PP, kim loại, côn trùng, đất cát và các tạp chất khác
A56: Grade 1 :FGC characteristics: Shape :conform to the Shape of container(cup, buckest). Color :White, Yellow. Impurities : No no visible impurities such as leaves, bark, PP fibers, metal, insects, dirt, sand, or other foreign matter
A57: KĐ: Không đạt - mủ loại 2 không đạt chất lượng : Có hình dáng theo dụng cụ chứa (chén, thùng) thường là hình trụ. Có lẫn các tạp chất dễ thấy như lá cây, vỏ cây, sợi PP, kim loại, côn trùng, đất cát và các tạp chất khác.
A58: Grade 2 :FGC characteristics: Shape :conform to the Shape of container(cup, buckest). . Impurities: It contains visible impurities such as leaves, bark, PP fibers, metal, insects, dirt, sand, and other foreign matte
A59: …………….……….....………..….…………………..……………...…………..…………………………...……..…………...………………………………..........................................................................................................................................................................................................................................
A60: …………….……….....………..….…………………..……………...…………..…………………………...……..…………...………………………………..........................................................................................................................................................................................................................................
A61: …………….……….....………..….…………………..……………...…………..…………………………...……..…………...………………………………..........................................................................................................................................................................................................................................
A64: Yield for the month 1/2026 / SẢN LƯỢNG THÁNG 1 NĂM 2026
A65: No. | B65: Forest Plot Code | C65: Name of Plot | D65: Full Name | E65: Employee ID | F65: Date / Ngày ........... | H65: Date / Ngày ........... | J65: Date / Ngày ........... | L65: Date / Ngày ........... | N65: Date / Ngày ........... | P65: Date / Ngày ........... | R65: Date / Ngày ........... | T65: Date / Ngày ........... | V65: Total Days
V66: TỔNG 0 NGÀY
A67: STT | B67: Mã lô rừng | C67: Tên lô | D67: HỌ VÀ TÊN | E67: Mã số CN | F67: Tapp. Session/ Phiên cạo D | H67: Tapp. Session/ Phiên cạo D | J67: Tapp. Session/ Phiên cạo D | L67: Tapp. Session/ Phiên cạo D | N67: Tapp. Session/ Phiên cạo D | P67: Tapp. Session/ Phiên cạo D | R67: Tapp. Session/ Phiên cạo D | T67: Tapp. Session/ Phiên cạo D | V67: From…..top …...
V68: (Từ ngày…...đến ngày.…..)
F69: Cup Lump | H69: Cup Lump | J69: Cup Lump | L69: Cup Lump | N69: Cup Lump | P69: Cup Lump | R69: Cup Lump | T69: Cup Lump | V69: Cup Lump
F70: Mủ đông | H70: Mủ đông | J70: Mủ đông | L70: Mủ đông | N70: Mủ đông | P70: Mủ đông | R70: Mủ đông | T70: Mủ đông | V70: Mủ đông
V71: =SUM(F71:U71)
A72: Total / TC | F72: =SUM(F71:F71) | H72: =SUM(H71:H71) | J72: =SUM(J71:J71) | L72: =SUM(L71:L71) | N72: =SUM(N71:N71) | P72: =SUM(P71:P71) | R72: =SUM(R71:R71) | T72: =SUM(T71:T71) | V72: =SUBTOTAL(9,V71:V71)
A74: Notes/ GHI CHÚ:
A76: Đ: Đạt - mủ loại 1 đạt chất lượng : Có hình dáng theo dụng cụ chứa (chén, thùng) thường là hình trụ. Có màu trắng, vàng, không lẫn các tạp chất dễ thấy như lá cây, vỏ cây, sợi PP, kim loại, côn trùng, đất cát và các tạp chất khác
A77: Grade 1 :FGC characteristics: Shape :conform to the Shape of container(cup, buckest). Color :White, Yellow. Impurities : No no visible impurities such as leaves, bark, PP fibers, metal, insects, dirt, sand, or other foreign matter
A78: KĐ: Không đạt - mủ loại 2 không đạt chất lượng : Có hình dáng theo dụng cụ chứa (chén, thùng) thường là hình trụ. Có lẫn các tạp chất dễ thấy như lá cây, vỏ cây, sợi PP, kim loại, côn trùng, đất cát và các tạp chất khác.
A79: Grade 2 :FGC characteristics: Shape :conform to the Shape of container(cup, buckest). . Impurities: It contains visible impurities such as leaves, bark, PP fibers, metal, insects, dirt, sand, and other foreign matte
A80: …………….……….....………..….…………………..……………...…………..…………………………...……..…………...………………………………..........................................................................................................................................................................................................................................
A81: …………….……….....………..….…………………..……………...…………..…………………………...……..…………...………………………………..........................................................................................................................................................................................................................................
A82: …………….……….....………..….…………………..……………...…………..…………………………...……..…………...………………………………..........................................................................................................................................................................................................................................

Sheet T7
A1: Yield for the month 1/2026 / SẢN LƯỢNG THÁNG 1 NĂM 2026
A2: No. | B2: Forest Plot Code | C2: Name of Plot | D2: Full Name | E2: Employee ID | F2: Date / Ngày ........... | H2: Date / Ngày ........... | J2: Date / Ngày ........... | L2: Date / Ngày ........... | N2: Date / Ngày ........... | P2: Date / Ngày ........... | R2: Date / Ngày ........... | T2: Date / Ngày ........... | V2: Total Days
V3: TỔNG 0 NGÀY
A4: STT | B4: Mã lô rừng | C4: Tên lô | D4: HỌ VÀ TÊN | E4: Mã số CN | F4: Tapp. Session/ Phiên cạo A | H4: Tapp. Session/ Phiên cạo A | J4: Tapp. Session/ Phiên cạo A | L4: Tapp. Session/ Phiên cạo A | N4: Tapp. Session/ Phiên cạo A | P4: Tapp. Session/ Phiên cạo A | R4: Tapp. Session/ Phiên cạo A | T4: Tapp. Session/ Phiên cạo A | V4: From…..top …...
V5: (Từ ngày…...đến ngày.…..)
F6: Cup Lump | H6: Cup Lump | J6: Cup Lump | L6: Cup Lump | N6: Cup Lump | P6: Cup Lump | R6: Cup Lump | T6: Cup Lump | V6: Cup Lump
F7: Mủ đông | H7: Mủ đông | J7: Mủ đông | L7: Mủ đông | N7: Mủ đông | P7: Mủ đông | R7: Mủ đông | T7: Mủ đông | V7: Mủ đông
V8: =SUM(F8:U8)
A9: Total / TC | F9: =SUM(F8:F8) | H9: =SUM(H8:H8) | J9: =SUM(J8:J8) | L9: =SUM(L8:L8) | N9: =SUM(N8:N8) | P9: =SUM(P8:P8) | R9: =SUM(R8:R8) | T9: =SUM(T8:T8) | V9: =SUBTOTAL(9,V8:V8)
A11: Notes/ GHI CHÚ:
A13: Đ: Đạt - mủ loại 1 đạt chất lượng : Có hình dáng theo dụng cụ chứa (chén, thùng) thường là hình trụ. Có màu trắng, vàng, không lẫn các tạp chất dễ thấy như lá cây, vỏ cây, sợi PP, kim loại, côn trùng, đất cát và các tạp chất khác
A14: Grade 1 :FGC characteristics: Shape :conform to the Shape of container(cup, buckest). Color :White, Yellow. Impurities : No no visible impurities such as leaves, bark, PP fibers, metal, insects, dirt, sand, or other foreign matter
A15: KĐ: Không đạt - mủ loại 2 không đạt chất lượng : Có hình dáng theo dụng cụ chứa (chén, thùng) thường là hình trụ. Có lẫn các tạp chất dễ thấy như lá cây, vỏ cây, sợi PP, kim loại, côn trùng, đất cát và các tạp chất khác.
A16: Grade 2 :FGC characteristics: Shape :conform to the Shape of container(cup, buckest). . Impurities: It contains visible impurities such as leaves, bark, PP fibers, metal, insects, dirt, sand, and other foreign matte
A17: …………….……….....………..….…………………..……………...…………..…………………………...……..…………...………………………………..........................................................................................................................................................................................................................................
A18: …………….……….....………..….…………………..……………...…………..…………………………...……..…………...………………………………..........................................................................................................................................................................................................................................
A19: …………….……….....………..….…………………..……………...…………..…………………………...……..…………...………………………………..........................................................................................................................................................................................................................................
A22: Yield for the month 1/2026 / SẢN LƯỢNG THÁNG 1 NĂM 2026
A23: No. | B23: Forest Plot Code | C23: Name of Plot | D23: Full Name | E23: Employee ID | F23: Date / Ngày ........... | H23: Date / Ngày ........... | J23: Date / Ngày ........... | L23: Date / Ngày ........... | N23: Date / Ngày ........... | P23: Date / Ngày ........... | R23: Date / Ngày ........... | T23: Date / Ngày ........... | V23: Total Days
V24: TỔNG 0 NGÀY
A25: STT | B25: Mã lô rừng | C25: Tên lô | D25: HỌ VÀ TÊN | E25: Mã số CN | F25: Tapp. Session/ Phiên cạo B | H25: Tapp. Session/ Phiên cạo B | J25: Tapp. Session/ Phiên cạo B | L25: Tapp. Session/ Phiên cạo B | N25: Tapp. Session/ Phiên cạo B | P25: Tapp. Session/ Phiên cạo B | R25: Tapp. Session/ Phiên cạo B | T25: Tapp. Session/ Phiên cạo B | V25: From…..top …...
V26: (Từ ngày…...đến ngày.…..)
F27: Cup Lump | H27: Cup Lump | J27: Cup Lump | L27: Cup Lump | N27: Cup Lump | P27: Cup Lump | R27: Cup Lump | T27: Cup Lump | V27: Cup Lump
F28: Mủ đông | H28: Mủ đông | J28: Mủ đông | L28: Mủ đông | N28: Mủ đông | P28: Mủ đông | R28: Mủ đông | T28: Mủ đông | V28: Mủ đông
V29: =SUM(F29:U29)
A30: Total / TC | F30: =SUM(F29:F29) | H30: =SUM(H29:H29) | J30: =SUM(J29:J29) | L30: =SUM(L29:L29) | N30: =SUM(N29:N29) | P30: =SUM(P29:P29) | R30: =SUM(R29:R29) | T30: =SUM(T29:T29) | V30: =SUBTOTAL(9,V29:V29)
A32: Notes/ GHI CHÚ:
A34: Đ: Đạt - mủ loại 1 đạt chất lượng : Có hình dáng theo dụng cụ chứa (chén, thùng) thường là hình trụ. Có màu trắng, vàng, không lẫn các tạp chất dễ thấy như lá cây, vỏ cây, sợi PP, kim loại, côn trùng, đất cát và các tạp chất khác
A35: Grade 1 :FGC characteristics: Shape :conform to the Shape of container(cup, buckest). Color :White, Yellow. Impurities : No no visible impurities such as leaves, bark, PP fibers, metal, insects, dirt, sand, or other foreign matter
A36: KĐ: Không đạt - mủ loại 2 không đạt chất lượng : Có hình dáng theo dụng cụ chứa (chén, thùng) thường là hình trụ. Có lẫn các tạp chất dễ thấy như lá cây, vỏ cây, sợi PP, kim loại, côn trùng, đất cát và các tạp chất khác.
A37: Grade 2 :FGC characteristics: Shape :conform to the Shape of container(cup, buckest). . Impurities: It contains visible impurities such as leaves, bark, PP fibers, metal, insects, dirt, sand, and other foreign matte
A38: …………….……….....………..….…………………..……………...…………..…………………………...……..…………...………………………………..........................................................................................................................................................................................................................................
A39: …………….……….....………..….…………………..……………...…………..…………………………...……..…………...………………………………..........................................................................................................................................................................................................................................
A40: …………….……….....………..….…………………..……………...…………..…………………………...……..…………...………………………………..........................................................................................................................................................................................................................................
A43: Yield for the month 1/2026 / SẢN LƯỢNG THÁNG 1 NĂM 2026
A44: No. | B44: Forest Plot Code | C44: Name of Plot | D44: Full Name | E44: Employee ID | F44: Date / Ngày ........... | H44: Date / Ngày ........... | J44: Date / Ngày ........... | L44: Date / Ngày ........... | N44: Date / Ngày ........... | P44: Date / Ngày ........... | R44: Date / Ngày ........... | T44: Date / Ngày ........... | V44: Total Days
V45: TỔNG 0 NGÀY
A46: STT | B46: Mã lô rừng | C46: Tên lô | D46: HỌ VÀ TÊN | E46: Mã số CN | F46: Tapp. Session/ Phiên cạo C | H46: Tapp. Session/ Phiên cạo C | J46: Tapp. Session/ Phiên cạo C | L46: Tapp. Session/ Phiên cạo C | N46: Tapp. Session/ Phiên cạo C | P46: Tapp. Session/ Phiên cạo C | R46: Tapp. Session/ Phiên cạo C | T46: Tapp. Session/ Phiên cạo C | V46: From…..top …...
V47: (Từ ngày…...đến ngày.…..)
F48: Cup Lump | H48: Cup Lump | J48: Cup Lump | L48: Cup Lump | N48: Cup Lump | P48: Cup Lump | R48: Cup Lump | T48: Cup Lump | V48: Cup Lump
F49: Mủ đông | H49: Mủ đông | J49: Mủ đông | L49: Mủ đông | N49: Mủ đông | P49: Mủ đông | R49: Mủ đông | T49: Mủ đông | V49: Mủ đông
V50: =SUM(F50:U50)
A51: Total / TC | F51: =SUM(F50:F50) | H51: =SUM(H50:H50) | J51: =SUM(J50:J50) | L51: =SUM(L50:L50) | N51: =SUM(N50:N50) | P51: =SUM(P50:P50) | R51: =SUM(R50:R50) | T51: =SUM(T50:T50) | V51: =SUBTOTAL(9,V50:V50)
A53: Notes/ GHI CHÚ:
A55: Đ: Đạt - mủ loại 1 đạt chất lượng : Có hình dáng theo dụng cụ chứa (chén, thùng) thường là hình trụ. Có màu trắng, vàng, không lẫn các tạp chất dễ thấy như lá cây, vỏ cây, sợi PP, kim loại, côn trùng, đất cát và các tạp chất khác
A56: Grade 1 :FGC characteristics: Shape :conform to the Shape of container(cup, buckest). Color :White, Yellow. Impurities : No no visible impurities such as leaves, bark, PP fibers, metal, insects, dirt, sand, or other foreign matter
A57: KĐ: Không đạt - mủ loại 2 không đạt chất lượng : Có hình dáng theo dụng cụ chứa (chén, thùng) thường là hình trụ. Có lẫn các tạp chất dễ thấy như lá cây, vỏ cây, sợi PP, kim loại, côn trùng, đất cát và các tạp chất khác.
A58: Grade 2 :FGC characteristics: Shape :conform to the Shape of container(cup, buckest). . Impurities: It contains visible impurities such as leaves, bark, PP fibers, metal, insects, dirt, sand, and other foreign matte
A59: …………….……….....………..….…………………..……………...…………..…………………………...……..…………...………………………………..........................................................................................................................................................................................................................................
A60: …………….……….....………..….…………………..……………...…………..…………………………...……..…………...………………………………..........................................................................................................................................................................................................................................
A61: …………….……….....………..….…………………..……………...…………..…………………………...……..…………...………………………………..........................................................................................................................................................................................................................................
A64: Yield for the month 1/2026 / SẢN LƯỢNG THÁNG 1 NĂM 2026
A65: No. | B65: Forest Plot Code | C65: Name of Plot | D65: Full Name | E65: Employee ID | F65: Date / Ngày ........... | H65: Date / Ngày ........... | J65: Date / Ngày ........... | L65: Date / Ngày ........... | N65: Date / Ngày ........... | P65: Date / Ngày ........... | R65: Date / Ngày ........... | T65: Date / Ngày ........... | V65: Total Days
V66: TỔNG 0 NGÀY
A67: STT | B67: Mã lô rừng | C67: Tên lô | D67: HỌ VÀ TÊN | E67: Mã số CN | F67: Tapp. Session/ Phiên cạo D | H67: Tapp. Session/ Phiên cạo D | J67: Tapp. Session/ Phiên cạo D | L67: Tapp. Session/ Phiên cạo D | N67: Tapp. Session/ Phiên cạo D | P67: Tapp. Session/ Phiên cạo D | R67: Tapp. Session/ Phiên cạo D | T67: Tapp. Session/ Phiên cạo D | V67: From…..top …...
V68: (Từ ngày…...đến ngày.…..)
F69: Cup Lump | H69: Cup Lump | J69: Cup Lump | L69: Cup Lump | N69: Cup Lump | P69: Cup Lump | R69: Cup Lump | T69: Cup Lump | V69: Cup Lump
F70: Mủ đông | H70: Mủ đông | J70: Mủ đông | L70: Mủ đông | N70: Mủ đông | P70: Mủ đông | R70: Mủ đông | T70: Mủ đông | V70: Mủ đông
V71: =SUM(F71:U71)
A72: Total / TC | F72: =SUM(F71:F71) | H72: =SUM(H71:H71) | J72: =SUM(J71:J71) | L72: =SUM(L71:L71) | N72: =SUM(N71:N71) | P72: =SUM(P71:P71) | R72: =SUM(R71:R71) | T72: =SUM(T71:T71) | V72: =SUBTOTAL(9,V71:V71)
A74: Notes/ GHI CHÚ:
A76: Đ: Đạt - mủ loại 1 đạt chất lượng : Có hình dáng theo dụng cụ chứa (chén, thùng) thường là hình trụ. Có màu trắng, vàng, không lẫn các tạp chất dễ thấy như lá cây, vỏ cây, sợi PP, kim loại, côn trùng, đất cát và các tạp chất khác
A77: Grade 1 :FGC characteristics: Shape :conform to the Shape of container(cup, buckest). Color :White, Yellow. Impurities : No no visible impurities such as leaves, bark, PP fibers, metal, insects, dirt, sand, or other foreign matter
A78: KĐ: Không đạt - mủ loại 2 không đạt chất lượng : Có hình dáng theo dụng cụ chứa (chén, thùng) thường là hình trụ. Có lẫn các tạp chất dễ thấy như lá cây, vỏ cây, sợi PP, kim loại, côn trùng, đất cát và các tạp chất khác.
A79: Grade 2 :FGC characteristics: Shape :conform to the Shape of container(cup, buckest). . Impurities: It contains visible impurities such as leaves, bark, PP fibers, metal, insects, dirt, sand, and other foreign matte
A80: …………….……….....………..….…………………..……………...…………..…………………………...……..…………...………………………………..........................................................................................................................................................................................................................................
A81: …………….……….....………..….…………………..……………...…………..…………………………...……..…………...………………………………..........................................................................................................................................................................................................................................
A82: …………….……….....………..….…………………..……………...…………..…………………………...……..…………...………………………………..........................................................................................................................................................................................................................................

Sheet T8
A1: Yield for the month 1/2026 / SẢN LƯỢNG THÁNG 1 NĂM 2026
A2: No. | B2: Forest Plot Code | C2: Name of Plot | D2: Full Name | E2: Employee ID | F2: Date / Ngày ........... | H2: Date / Ngày ........... | J2: Date / Ngày ........... | L2: Date / Ngày ........... | N2: Date / Ngày ........... | P2: Date / Ngày ........... | R2: Date / Ngày ........... | T2: Date / Ngày ........... | V2: Total Days
V3: TỔNG 0 NGÀY
A4: STT | B4: Mã lô rừng | C4: Tên lô | D4: HỌ VÀ TÊN | E4: Mã số CN | F4: Tapp. Session/ Phiên cạo A | H4: Tapp. Session/ Phiên cạo A | J4: Tapp. Session/ Phiên cạo A | L4: Tapp. Session/ Phiên cạo A | N4: Tapp. Session/ Phiên cạo A | P4: Tapp. Session/ Phiên cạo A | R4: Tapp. Session/ Phiên cạo A | T4: Tapp. Session/ Phiên cạo A | V4: From…..top …...
V5: (Từ ngày…...đến ngày.…..)
F6: Cup Lump | H6: Cup Lump | J6: Cup Lump | L6: Cup Lump | N6: Cup Lump | P6: Cup Lump | R6: Cup Lump | T6: Cup Lump | V6: Cup Lump
F7: Mủ đông | H7: Mủ đông | J7: Mủ đông | L7: Mủ đông | N7: Mủ đông | P7: Mủ đông | R7: Mủ đông | T7: Mủ đông | V7: Mủ đông
V8: =SUM(F8:U8)
A9: Total / TC | F9: =SUM(F8:F8) | H9: =SUM(H8:H8) | J9: =SUM(J8:J8) | L9: =SUM(L8:L8) | N9: =SUM(N8:N8) | P9: =SUM(P8:P8) | R9: =SUM(R8:R8) | T9: =SUM(T8:T8) | V9: =SUBTOTAL(9,V8:V8)
A11: Notes/ GHI CHÚ:
A13: Đ: Đạt - mủ loại 1 đạt chất lượng : Có hình dáng theo dụng cụ chứa (chén, thùng) thường là hình trụ. Có màu trắng, vàng, không lẫn các tạp chất dễ thấy như lá cây, vỏ cây, sợi PP, kim loại, côn trùng, đất cát và các tạp chất khác
A14: Grade 1 :FGC characteristics: Shape :conform to the Shape of container(cup, buckest). Color :White, Yellow. Impurities : No no visible impurities such as leaves, bark, PP fibers, metal, insects, dirt, sand, or other foreign matter
A15: KĐ: Không đạt - mủ loại 2 không đạt chất lượng : Có hình dáng theo dụng cụ chứa (chén, thùng) thường là hình trụ. Có lẫn các tạp chất dễ thấy như lá cây, vỏ cây, sợi PP, kim loại, côn trùng, đất cát và các tạp chất khác.
A16: Grade 2 :FGC characteristics: Shape :conform to the Shape of container(cup, buckest). . Impurities: It contains visible impurities such as leaves, bark, PP fibers, metal, insects, dirt, sand, and other foreign matte
A17: …………….……….....………..….…………………..……………...…………..…………………………...……..…………...………………………………..........................................................................................................................................................................................................................................
A18: …………….……….....………..….…………………..……………...…………..…………………………...……..…………...………………………………..........................................................................................................................................................................................................................................
A19: …………….……….....………..….…………………..……………...…………..…………………………...……..…………...………………………………..........................................................................................................................................................................................................................................
A22: Yield for the month 1/2026 / SẢN LƯỢNG THÁNG 1 NĂM 2026
A23: No. | B23: Forest Plot Code | C23: Name of Plot | D23: Full Name | E23: Employee ID | F23: Date / Ngày ........... | H23: Date / Ngày ........... | J23: Date / Ngày ........... | L23: Date / Ngày ........... | N23: Date / Ngày ........... | P23: Date / Ngày ........... | R23: Date / Ngày ........... | T23: Date / Ngày ........... | V23: Total Days
V24: TỔNG 0 NGÀY
A25: STT | B25: Mã lô rừng | C25: Tên lô | D25: HỌ VÀ TÊN | E25: Mã số CN | F25: Tapp. Session/ Phiên cạo B | H25: Tapp. Session/ Phiên cạo B | J25: Tapp. Session/ Phiên cạo B | L25: Tapp. Session/ Phiên cạo B | N25: Tapp. Session/ Phiên cạo B | P25: Tapp. Session/ Phiên cạo B | R25: Tapp. Session/ Phiên cạo B | T25: Tapp. Session/ Phiên cạo B | V25: From…..top …...
V26: (Từ ngày…...đến ngày.…..)
F27: Cup Lump | H27: Cup Lump | J27: Cup Lump | L27: Cup Lump | N27: Cup Lump | P27: Cup Lump | R27: Cup Lump | T27: Cup Lump | V27: Cup Lump
F28: Mủ đông | H28: Mủ đông | J28: Mủ đông | L28: Mủ đông | N28: Mủ đông | P28: Mủ đông | R28: Mủ đông | T28: Mủ đông | V28: Mủ đông
V29: =SUM(F29:U29)
A30: Total / TC | F30: =SUM(F29:F29) | H30: =SUM(H29:H29) | J30: =SUM(J29:J29) | L30: =SUM(L29:L29) | N30: =SUM(N29:N29) | P30: =SUM(P29:P29) | R30: =SUM(R29:R29) | T30: =SUM(T29:T29) | V30: =SUBTOTAL(9,V29:V29)
A32: Notes/ GHI CHÚ:
A34: Đ: Đạt - mủ loại 1 đạt chất lượng : Có hình dáng theo dụng cụ chứa (chén, thùng) thường là hình trụ. Có màu trắng, vàng, không lẫn các tạp chất dễ thấy như lá cây, vỏ cây, sợi PP, kim loại, côn trùng, đất cát và các tạp chất khác
A35: Grade 1 :FGC characteristics: Shape :conform to the Shape of container(cup, buckest). Color :White, Yellow. Impurities : No no visible impurities such as leaves, bark, PP fibers, metal, insects, dirt, sand, or other foreign matter
A36: KĐ: Không đạt - mủ loại 2 không đạt chất lượng : Có hình dáng theo dụng cụ chứa (chén, thùng) thường là hình trụ. Có lẫn các tạp chất dễ thấy như lá cây, vỏ cây, sợi PP, kim loại, côn trùng, đất cát và các tạp chất khác.
A37: Grade 2 :FGC characteristics: Shape :conform to the Shape of container(cup, buckest). . Impurities: It contains visible impurities such as leaves, bark, PP fibers, metal, insects, dirt, sand, and other foreign matte
A38: …………….……….....………..….…………………..……………...…………..…………………………...……..…………...………………………………..........................................................................................................................................................................................................................................
A39: …………….……….....………..….…………………..……………...…………..…………………………...……..…………...………………………………..........................................................................................................................................................................................................................................
A40: …………….……….....………..….…………………..……………...…………..…………………………...……..…………...………………………………..........................................................................................................................................................................................................................................
A43: Yield for the month 1/2026 / SẢN LƯỢNG THÁNG 1 NĂM 2026
A44: No. | B44: Forest Plot Code | C44: Name of Plot | D44: Full Name | E44: Employee ID | F44: Date / Ngày ........... | H44: Date / Ngày ........... | J44: Date / Ngày ........... | L44: Date / Ngày ........... | N44: Date / Ngày ........... | P44: Date / Ngày ........... | R44: Date / Ngày ........... | T44: Date / Ngày ........... | V44: Total Days
V45: TỔNG 0 NGÀY
A46: STT | B46: Mã lô rừng | C46: Tên lô | D46: HỌ VÀ TÊN | E46: Mã số CN | F46: Tapp. Session/ Phiên cạo C | H46: Tapp. Session/ Phiên cạo C | J46: Tapp. Session/ Phiên cạo C | L46: Tapp. Session/ Phiên cạo C | N46: Tapp. Session/ Phiên cạo C | P46: Tapp. Session/ Phiên cạo C | R46: Tapp. Session/ Phiên cạo C | T46: Tapp. Session/ Phiên cạo C | V46: From…..top …...
V47: (Từ ngày…...đến ngày.…..)
F48: Cup Lump | H48: Cup Lump | J48: Cup Lump | L48: Cup Lump | N48: Cup Lump | P48: Cup Lump | R48: Cup Lump | T48: Cup Lump | V48: Cup Lump
F49: Mủ đông | H49: Mủ đông | J49: Mủ đông | L49: Mủ đông | N49: Mủ đông | P49: Mủ đông | R49: Mủ đông | T49: Mủ đông | V49: Mủ đông
V50: =SUM(F50:U50)
A51: Total / TC | F51: =SUM(F50:F50) | H51: =SUM(H50:H50) | J51: =SUM(J50:J50) | L51: =SUM(L50:L50) | N51: =SUM(N50:N50) | P51: =SUM(P50:P50) | R51: =SUM(R50:R50) | T51: =SUM(T50:T50) | V51: =SUBTOTAL(9,V50:V50)
A53: Notes/ GHI CHÚ:
A55: Đ: Đạt - mủ loại 1 đạt chất lượng : Có hình dáng theo dụng cụ chứa (chén, thùng) thường là hình trụ. Có màu trắng, vàng, không lẫn các tạp chất dễ thấy như lá cây, vỏ cây, sợi PP, kim loại, côn trùng, đất cát và các tạp chất khác
A56: Grade 1 :FGC characteristics: Shape :conform to the Shape of container(cup, buckest). Color :White, Yellow. Impurities : No no visible impurities such as leaves, bark, PP fibers, metal, insects, dirt, sand, or other foreign matter
A57: KĐ: Không đạt - mủ loại 2 không đạt chất lượng : Có hình dáng theo dụng cụ chứa (chén, thùng) thường là hình trụ. Có lẫn các tạp chất dễ thấy như lá cây, vỏ cây, sợi PP, kim loại, côn trùng, đất cát và các tạp chất khác.
A58: Grade 2 :FGC characteristics: Shape :conform to the Shape of container(cup, buckest). . Impurities: It contains visible impurities such as leaves, bark, PP fibers, metal, insects, dirt, sand, and other foreign matte
A59: …………….……….....………..….…………………..……………...…………..…………………………...……..…………...………………………………..........................................................................................................................................................................................................................................
A60: …………….……….....………..….…………………..……………...…………..…………………………...……..…………...………………………………..........................................................................................................................................................................................................................................
A61: …………….……….....………..….…………………..……………...…………..…………………………...……..…………...………………………………..........................................................................................................................................................................................................................................
A64: Yield for the month 1/2026 / SẢN LƯỢNG THÁNG 1 NĂM 2026
A65: No. | B65: Forest Plot Code | C65: Name of Plot | D65: Full Name | E65: Employee ID | F65: Date / Ngày ........... | H65: Date / Ngày ........... | J65: Date / Ngày ........... | L65: Date / Ngày ........... | N65: Date / Ngày ........... | P65: Date / Ngày ........... | R65: Date / Ngày ........... | T65: Date / Ngày ........... | V65: Total Days
V66: TỔNG 0 NGÀY
A67: STT | B67: Mã lô rừng | C67: Tên lô | D67: HỌ VÀ TÊN | E67: Mã số CN | F67: Tapp. Session/ Phiên cạo D | H67: Tapp. Session/ Phiên cạo D | J67: Tapp. Session/ Phiên cạo D | L67: Tapp. Session/ Phiên cạo D | N67: Tapp. Session/ Phiên cạo D | P67: Tapp. Session/ Phiên cạo D | R67: Tapp. Session/ Phiên cạo D | T67: Tapp. Session/ Phiên cạo D | V67: From…..top …...
V68: (Từ ngày…...đến ngày.…..)
F69: Cup Lump | H69: Cup Lump | J69: Cup Lump | L69: Cup Lump | N69: Cup Lump | P69: Cup Lump | R69: Cup Lump | T69: Cup Lump | V69: Cup Lump
F70: Mủ đông | H70: Mủ đông | J70: Mủ đông | L70: Mủ đông | N70: Mủ đông | P70: Mủ đông | R70: Mủ đông | T70: Mủ đông | V70: Mủ đông
V71: =SUM(F71:U71)
A72: Total / TC | F72: =SUM(F71:F71) | H72: =SUM(H71:H71) | J72: =SUM(J71:J71) | L72: =SUM(L71:L71) | N72: =SUM(N71:N71) | P72: =SUM(P71:P71) | R72: =SUM(R71:R71) | T72: =SUM(T71:T71) | V72: =SUBTOTAL(9,V71:V71)
A74: Notes/ GHI CHÚ:
A76: Đ: Đạt - mủ loại 1 đạt chất lượng : Có hình dáng theo dụng cụ chứa (chén, thùng) thường là hình trụ. Có màu trắng, vàng, không lẫn các tạp chất dễ thấy như lá cây, vỏ cây, sợi PP, kim loại, côn trùng, đất cát và các tạp chất khác
A77: Grade 1 :FGC characteristics: Shape :conform to the Shape of container(cup, buckest). Color :White, Yellow. Impurities : No no visible impurities such as leaves, bark, PP fibers, metal, insects, dirt, sand, or other foreign matter
A78: KĐ: Không đạt - mủ loại 2 không đạt chất lượng : Có hình dáng theo dụng cụ chứa (chén, thùng) thường là hình trụ. Có lẫn các tạp chất dễ thấy như lá cây, vỏ cây, sợi PP, kim loại, côn trùng, đất cát và các tạp chất khác.
A79: Grade 2 :FGC characteristics: Shape :conform to the Shape of container(cup, buckest). . Impurities: It contains visible impurities such as leaves, bark, PP fibers, metal, insects, dirt, sand, and other foreign matte
A80: …………….……….....………..….…………………..……………...…………..…………………………...……..…………...………………………………..........................................................................................................................................................................................................................................
A81: …………….……….....………..….…………………..……………...…………..…………………………...……..…………...………………………………..........................................................................................................................................................................................................................................
A82: …………….……….....………..….…………………..……………...…………..…………………………...……..…………...………………………………..........................................................................................................................................................................................................................................

Sheet T9
A1: Yield for the month 1/2026 / SẢN LƯỢNG THÁNG 1 NĂM 2026
A2: No. | B2: Forest Plot Code | C2: Name of Plot | D2: Full Name | E2: Employee ID | F2: Date / Ngày ........... | H2: Date / Ngày ........... | J2: Date / Ngày ........... | L2: Date / Ngày ........... | N2: Date / Ngày ........... | P2: Date / Ngày ........... | R2: Date / Ngày ........... | T2: Date / Ngày ........... | V2: Total Days
V3: TỔNG 0 NGÀY
A4: STT | B4: Mã lô rừng | C4: Tên lô | D4: HỌ VÀ TÊN | E4: Mã số CN | F4: Tapp. Session/ Phiên cạo A | H4: Tapp. Session/ Phiên cạo A | J4: Tapp. Session/ Phiên cạo A | L4: Tapp. Session/ Phiên cạo A | N4: Tapp. Session/ Phiên cạo A | P4: Tapp. Session/ Phiên cạo A | R4: Tapp. Session/ Phiên cạo A | T4: Tapp. Session/ Phiên cạo A | V4: From…..top …...
V5: (Từ ngày…...đến ngày.…..)
F6: Cup Lump | H6: Cup Lump | J6: Cup Lump | L6: Cup Lump | N6: Cup Lump | P6: Cup Lump | R6: Cup Lump | T6: Cup Lump | V6: Cup Lump
F7: Mủ đông | H7: Mủ đông | J7: Mủ đông | L7: Mủ đông | N7: Mủ đông | P7: Mủ đông | R7: Mủ đông | T7: Mủ đông | V7: Mủ đông
V8: =SUM(F8:U8)
A9: Total / TC | F9: =SUM(F8:F8) | H9: =SUM(H8:H8) | J9: =SUM(J8:J8) | L9: =SUM(L8:L8) | N9: =SUM(N8:N8) | P9: =SUM(P8:P8) | R9: =SUM(R8:R8) | T9: =SUM(T8:T8) | V9: =SUBTOTAL(9,V8:V8)
A11: Notes/ GHI CHÚ:
A13: Đ: Đạt - mủ loại 1 đạt chất lượng : Có hình dáng theo dụng cụ chứa (chén, thùng) thường là hình trụ. Có màu trắng, vàng, không lẫn các tạp chất dễ thấy như lá cây, vỏ cây, sợi PP, kim loại, côn trùng, đất cát và các tạp chất khác
A14: Grade 1 :FGC characteristics: Shape :conform to the Shape of container(cup, buckest). Color :White, Yellow. Impurities : No no visible impurities such as leaves, bark, PP fibers, metal, insects, dirt, sand, or other foreign matter
A15: KĐ: Không đạt - mủ loại 2 không đạt chất lượng : Có hình dáng theo dụng cụ chứa (chén, thùng) thường là hình trụ. Có lẫn các tạp chất dễ thấy như lá cây, vỏ cây, sợi PP, kim loại, côn trùng, đất cát và các tạp chất khác.
A16: Grade 2 :FGC characteristics: Shape :conform to the Shape of container(cup, buckest). . Impurities: It contains visible impurities such as leaves, bark, PP fibers, metal, insects, dirt, sand, and other foreign matte
A17: …………….……….....………..….…………………..……………...…………..…………………………...……..…………...………………………………..........................................................................................................................................................................................................................................
A18: …………….……….....………..….…………………..……………...…………..…………………………...……..…………...………………………………..........................................................................................................................................................................................................................................
A19: …………….……….....………..….…………………..……………...…………..…………………………...……..…………...………………………………..........................................................................................................................................................................................................................................
A22: Yield for the month 1/2026 / SẢN LƯỢNG THÁNG 1 NĂM 2026
A23: No. | B23: Forest Plot Code | C23: Name of Plot | D23: Full Name | E23: Employee ID | F23: Date / Ngày ........... | H23: Date / Ngày ........... | J23: Date / Ngày ........... | L23: Date / Ngày ........... | N23: Date / Ngày ........... | P23: Date / Ngày ........... | R23: Date / Ngày ........... | T23: Date / Ngày ........... | V23: Total Days
V24: TỔNG 0 NGÀY
A25: STT | B25: Mã lô rừng | C25: Tên lô | D25: HỌ VÀ TÊN | E25: Mã số CN | F25: Tapp. Session/ Phiên cạo B | H25: Tapp. Session/ Phiên cạo B | J25: Tapp. Session/ Phiên cạo B | L25: Tapp. Session/ Phiên cạo B | N25: Tapp. Session/ Phiên cạo B | P25: Tapp. Session/ Phiên cạo B | R25: Tapp. Session/ Phiên cạo B | T25: Tapp. Session/ Phiên cạo B | V25: From…..top …...
V26: (Từ ngày…...đến ngày.…..)
F27: Cup Lump | H27: Cup Lump | J27: Cup Lump | L27: Cup Lump | N27: Cup Lump | P27: Cup Lump | R27: Cup Lump | T27: Cup Lump | V27: Cup Lump
F28: Mủ đông | H28: Mủ đông | J28: Mủ đông | L28: Mủ đông | N28: Mủ đông | P28: Mủ đông | R28: Mủ đông | T28: Mủ đông | V28: Mủ đông
V29: =SUM(F29:U29)
A30: Total / TC | F30: =SUM(F29:F29) | H30: =SUM(H29:H29) | J30: =SUM(J29:J29) | L30: =SUM(L29:L29) | N30: =SUM(N29:N29) | P30: =SUM(P29:P29) | R30: =SUM(R29:R29) | T30: =SUM(T29:T29) | V30: =SUBTOTAL(9,V29:V29)
A32: Notes/ GHI CHÚ:
A34: Đ: Đạt - mủ loại 1 đạt chất lượng : Có hình dáng theo dụng cụ chứa (chén, thùng) thường là hình trụ. Có màu trắng, vàng, không lẫn các tạp chất dễ thấy như lá cây, vỏ cây, sợi PP, kim loại, côn trùng, đất cát và các tạp chất khác
A35: Grade 1 :FGC characteristics: Shape :conform to the Shape of container(cup, buckest). Color :White, Yellow. Impurities : No no visible impurities such as leaves, bark, PP fibers, metal, insects, dirt, sand, or other foreign matter
A36: KĐ: Không đạt - mủ loại 2 không đạt chất lượng : Có hình dáng theo dụng cụ chứa (chén, thùng) thường là hình trụ. Có lẫn các tạp chất dễ thấy như lá cây, vỏ cây, sợi PP, kim loại, côn trùng, đất cát và các tạp chất khác.
A37: Grade 2 :FGC characteristics: Shape :conform to the Shape of container(cup, buckest). . Impurities: It contains visible impurities such as leaves, bark, PP fibers, metal, insects, dirt, sand, and other foreign matte
A38: …………….……….....………..….…………………..……………...…………..…………………………...……..…………...………………………………..........................................................................................................................................................................................................................................
A39: …………….……….....………..….…………………..……………...…………..…………………………...……..…………...………………………………..........................................................................................................................................................................................................................................
A40: …………….……….....………..….…………………..……………...…………..…………………………...……..…………...………………………………..........................................................................................................................................................................................................................................
A43: Yield for the month 1/2026 / SẢN LƯỢNG THÁNG 1 NĂM 2026
A44: No. | B44: Forest Plot Code | C44: Name of Plot | D44: Full Name | E44: Employee ID | F44: Date / Ngày ........... | H44: Date / Ngày ........... | J44: Date / Ngày ........... | L44: Date / Ngày ........... | N44: Date / Ngày ........... | P44: Date / Ngày ........... | R44: Date / Ngày ........... | T44: Date / Ngày ........... | V44: Total Days
V45: TỔNG 0 NGÀY
A46: STT | B46: Mã lô rừng | C46: Tên lô | D46: HỌ VÀ TÊN | E46: Mã số CN | F46: Tapp. Session/ Phiên cạo C | H46: Tapp. Session/ Phiên cạo C | J46: Tapp. Session/ Phiên cạo C | L46: Tapp. Session/ Phiên cạo C | N46: Tapp. Session/ Phiên cạo C | P46: Tapp. Session/ Phiên cạo C | R46: Tapp. Session/ Phiên cạo C | T46: Tapp. Session/ Phiên cạo C | V46: From…..top …...
V47: (Từ ngày…...đến ngày.…..)
F48: Cup Lump | H48: Cup Lump | J48: Cup Lump | L48: Cup Lump | N48: Cup Lump | P48: Cup Lump | R48: Cup Lump | T48: Cup Lump | V48: Cup Lump
F49: Mủ đông | H49: Mủ đông | J49: Mủ đông | L49: Mủ đông | N49: Mủ đông | P49: Mủ đông | R49: Mủ đông | T49: Mủ đông | V49: Mủ đông
V50: =SUM(F50:U50)
A51: Total / TC | F51: =SUM(F50:F50) | H51: =SUM(H50:H50) | J51: =SUM(J50:J50) | L51: =SUM(L50:L50) | N51: =SUM(N50:N50) | P51: =SUM(P50:P50) | R51: =SUM(R50:R50) | T51: =SUM(T50:T50) | V51: =SUBTOTAL(9,V50:V50)
A53: Notes/ GHI CHÚ:
A55: Đ: Đạt - mủ loại 1 đạt chất lượng : Có hình dáng theo dụng cụ chứa (chén, thùng) thường là hình trụ. Có màu trắng, vàng, không lẫn các tạp chất dễ thấy như lá cây, vỏ cây, sợi PP, kim loại, côn trùng, đất cát và các tạp chất khác
A56: Grade 1 :FGC characteristics: Shape :conform to the Shape of container(cup, buckest). Color :White, Yellow. Impurities : No no visible impurities such as leaves, bark, PP fibers, metal, insects, dirt, sand, or other foreign matter
A57: KĐ: Không đạt - mủ loại 2 không đạt chất lượng : Có hình dáng theo dụng cụ chứa (chén, thùng) thường là hình trụ. Có lẫn các tạp chất dễ thấy như lá cây, vỏ cây, sợi PP, kim loại, côn trùng, đất cát và các tạp chất khác.
A58: Grade 2 :FGC characteristics: Shape :conform to the Shape of container(cup, buckest). . Impurities: It contains visible impurities such as leaves, bark, PP fibers, metal, insects, dirt, sand, and other foreign matte
A59: …………….……….....………..….…………………..……………...…………..…………………………...……..…………...………………………………..........................................................................................................................................................................................................................................
A60: …………….……….....………..….…………………..……………...…………..…………………………...……..…………...………………………………..........................................................................................................................................................................................................................................
A61: …………….……….....………..….…………………..……………...…………..…………………………...……..…………...………………………………..........................................................................................................................................................................................................................................
A64: Yield for the month 1/2026 / SẢN LƯỢNG THÁNG 1 NĂM 2026
A65: No. | B65: Forest Plot Code | C65: Name of Plot | D65: Full Name | E65: Employee ID | F65: Date / Ngày ........... | H65: Date / Ngày ........... | J65: Date / Ngày ........... | L65: Date / Ngày ........... | N65: Date / Ngày ........... | P65: Date / Ngày ........... | R65: Date / Ngày ........... | T65: Date / Ngày ........... | V65: Total Days
V66: TỔNG 0 NGÀY
A67: STT | B67: Mã lô rừng | C67: Tên lô | D67: HỌ VÀ TÊN | E67: Mã số CN | F67: Tapp. Session/ Phiên cạo D | H67: Tapp. Session/ Phiên cạo D | J67: Tapp. Session/ Phiên cạo D | L67: Tapp. Session/ Phiên cạo D | N67: Tapp. Session/ Phiên cạo D | P67: Tapp. Session/ Phiên cạo D | R67: Tapp. Session/ Phiên cạo D | T67: Tapp. Session/ Phiên cạo D | V67: From…..top …...
V68: (Từ ngày…...đến ngày.…..)
F69: Cup Lump | H69: Cup Lump | J69: Cup Lump | L69: Cup Lump | N69: Cup Lump | P69: Cup Lump | R69: Cup Lump | T69: Cup Lump | V69: Cup Lump
F70: Mủ đông | H70: Mủ đông | J70: Mủ đông | L70: Mủ đông | N70: Mủ đông | P70: Mủ đông | R70: Mủ đông | T70: Mủ đông | V70: Mủ đông
V71: =SUM(F71:U71)
A72: Total / TC | F72: =SUM(F71:F71) | H72: =SUM(H71:H71) | J72: =SUM(J71:J71) | L72: =SUM(L71:L71) | N72: =SUM(N71:N71) | P72: =SUM(P71:P71) | R72: =SUM(R71:R71) | T72: =SUM(T71:T71) | V72: =SUBTOTAL(9,V71:V71)
A74: Notes/ GHI CHÚ:
A76: Đ: Đạt - mủ loại 1 đạt chất lượng : Có hình dáng theo dụng cụ chứa (chén, thùng) thường là hình trụ. Có màu trắng, vàng, không lẫn các tạp chất dễ thấy như lá cây, vỏ cây, sợi PP, kim loại, côn trùng, đất cát và các tạp chất khác
A77: Grade 1 :FGC characteristics: Shape :conform to the Shape of container(cup, buckest). Color :White, Yellow. Impurities : No no visible impurities such as leaves, bark, PP fibers, metal, insects, dirt, sand, or other foreign matter
A78: KĐ: Không đạt - mủ loại 2 không đạt chất lượng : Có hình dáng theo dụng cụ chứa (chén, thùng) thường là hình trụ. Có lẫn các tạp chất dễ thấy như lá cây, vỏ cây, sợi PP, kim loại, côn trùng, đất cát và các tạp chất khác.
A79: Grade 2 :FGC characteristics: Shape :conform to the Shape of container(cup, buckest). . Impurities: It contains visible impurities such as leaves, bark, PP fibers, metal, insects, dirt, sand, and other foreign matte
A80: …………….……….....………..….…………………..……………...…………..…………………………...……..…………...………………………………..........................................................................................................................................................................................................................................
A81: …………….……….....………..….…………………..……………...…………..…………………………...……..…………...………………………………..........................................................................................................................................................................................................................................
A82: …………….……….....………..….…………………..……………...…………..…………………………...……..…………...………………………………..........................................................................................................................................................................................................................................

Sheet Mủ đất
A1: Yield for the month 1/2026 / SẢN LƯỢNG THÁNG 1 NĂM 2026
A2: No. | B2: Full Name | C2: Employee ID | D2: Date / Ngày............ | F2: Date / Ngày............ | H2: Date / Ngày............ | J2: Date / Ngày............ | L2: Date / Ngày............ | N2: Total Days
N3: TỔNG 0 NGÀY
A4: STT | B4: HỌ VÀ TÊN | C4: Mã số CN | D4: Earth Scrap | F4: Earth Scrap | H4: Earth Scrap | J4: Earth Scrap | L4: Earth Scrap | N4: From…..top …...
N5: (Từ ngày…...đến ngày.…..)
D6: Mủ đất | F6: Mủ đất | H6: Mủ đất | J6: Mủ đất | L6: Mủ đất | N6: Earth Scrap
N7: Mủ đất
B8: ='T1'!D8 | C8: ='T1'!E8 | N8: =SUM(D8:M8)
A9: Total / TC | D9: =SUM(D8:D8) | F9: =SUM(F8:F8) | H9: =SUM(H8:H8) | J9: =SUM(J8:J8) | L9: =SUM(L8:L8) | N9: =SUM(N8:N8)
A11: Notes/ GHI CHÚ:
A12: - Đ: Đạt - mủ loại 1 đạt chất lượng : Có hình dáng theo dụng cụ chứa (chén, thùng) thường là hình trụ. Có màu trắng, vàng, không lẫn các tạp chất dễ thấy như lá cây, vỏ cây, sợi PP, kim loại, côn trùng, đất cát và các tạp chất khác. - Grade 1:Characteristics. Shape: It appears as threads or small, thin pieces on the tapping cut or in the latex guiding channel. Color: It is white, yellow. Dirty : No visible impurities such as leaves, bark, PP fibers, metal, insects, dirt, sand, or other foreign matter. - KĐ: Không đạt - mủ loại 2 không đạt chất lượng : Có hình dáng theo dụng cụ chứa (chén, thùng) thường là hình trụ. Có lẫn các tạp chất dễ thấy như lá cây, vỏ cây, sợi PP, kim loại, côn trùng, đất cát và các tạp chất khác. - Grade 2:Shape: It appears as threads or small, thin pieces on the tapping cut or in the latex guiding channel. Impurities: It contains visible impurities such as leaves, bark, PP fibers, metal, insects, dirt, sand, and other foreign matter.
A13: …………….……….....………..….…………………..……………...…………..…………………………...……..…………...……………………………….......................................................................................................................................
A14: Yield for the month 1/2026 / SẢN LƯỢNG THÁNG 1 NĂM 2026
A15: No. | B15: Full Name | C15: Employee ID | D15: Date / Ngày............ | F15: Date / Ngày............ | H15: Date / Ngày............ | J15: Date / Ngày............ | L15: Date / Ngày............ | N15: Total Days
N16: TỔNG 0 NGÀY
A17: STT | B17: HỌ VÀ TÊN | C17: Mã số CN | D17: Earth Scrap | F17: Earth Scrap | H17: Earth Scrap | J17: Earth Scrap | L17: Earth Scrap | N17: From…..top …...
N18: (Từ ngày…...đến ngày.…..)
D19: Mủ đất | F19: Mủ đất | H19: Mủ đất | J19: Mủ đất | L19: Mủ đất | N19: Earth Scrap
N20: Mủ đất
B21: ='T2'!D8 | C21: ='T2'!E8 | N21: =SUM(D21:M21)
A22: Total / TC | D22: =SUM(D21:D21) | F22: =SUM(F21:F21) | H22: =SUM(H21:H21) | J22: =SUM(J21:J21) | L22: =SUM(L21:L21) | N22: =SUM(N21:N21)
A24: Notes/ GHI CHÚ:
A25: - Đ: Đạt - mủ loại 1 đạt chất lượng : Có hình dáng theo dụng cụ chứa (chén, thùng) thường là hình trụ. Có màu trắng, vàng, không lẫn các tạp chất dễ thấy như lá cây, vỏ cây, sợi PP, kim loại, côn trùng, đất cát và các tạp chất khác. - Grade 1:Characteristics. Shape: It appears as threads or small, thin pieces on the tapping cut or in the latex guiding channel. Color: It is white, yellow. Dirty : No visible impurities such as leaves, bark, PP fibers, metal, insects, dirt, sand, or other foreign matter. - KĐ: Không đạt - mủ loại 2 không đạt chất lượng : Có hình dáng theo dụng cụ chứa (chén, thùng) thường là hình trụ. Có lẫn các tạp chất dễ thấy như lá cây, vỏ cây, sợi PP, kim loại, côn trùng, đất cát và các tạp chất khác. - Grade 2:Shape: It appears as threads or small, thin pieces on the tapping cut or in the latex guiding channel. Impurities: It contains visible impurities such as leaves, bark, PP fibers, metal, insects, dirt, sand, and other foreign matter.
A26: …………….……….....………..….…………………..……………...…………..…………………………...……..…………...……………………………….......................................................................................................................................
A27: Yield for the month 1/2026 / SẢN LƯỢNG THÁNG 1 NĂM 2026
A28: No. | B28: Full Name | C28: Employee ID | D28: Date / Ngày............ | F28: Date / Ngày............ | H28: Date / Ngày............ | J28: Date / Ngày............ | L28: Date / Ngày............ | N28: Total Days
N29: TỔNG 0 NGÀY
A30: STT | B30: HỌ VÀ TÊN | C30: Mã số CN | D30: Earth Scrap | F30: Earth Scrap | H30: Earth Scrap | J30: Earth Scrap | L30: Earth Scrap | N30: From…..top …...
N31: (Từ ngày…...đến ngày.…..)
D32: Mủ đất | F32: Mủ đất | H32: Mủ đất | J32: Mủ đất | L32: Mủ đất | N32: Earth Scrap
N33: Mủ đất
B34: ='T3'!D8 | C34: ='T3'!E8 | N34: =SUM(D34:M34)
A35: Total / TC | D35: =SUM(D34:D34) | F35: =SUM(F34:F34) | H35: =SUM(H34:H34) | J35: =SUM(J34:J34) | L35: =SUM(L34:L34) | N35: =SUM(N34:N34)
A37: Notes/ GHI CHÚ:
A38: - Đ: Đạt - mủ loại 1 đạt chất lượng : Có hình dáng theo dụng cụ chứa (chén, thùng) thường là hình trụ. Có màu trắng, vàng, không lẫn các tạp chất dễ thấy như lá cây, vỏ cây, sợi PP, kim loại, côn trùng, đất cát và các tạp chất khác. - Grade 1:Characteristics. Shape: It appears as threads or small, thin pieces on the tapping cut or in the latex guiding channel. Color: It is white, yellow. Dirty : No visible impurities such as leaves, bark, PP fibers, metal, insects, dirt, sand, or other foreign matter. - KĐ: Không đạt - mủ loại 2 không đạt chất lượng : Có hình dáng theo dụng cụ chứa (chén, thùng) thường là hình trụ. Có lẫn các tạp chất dễ thấy như lá cây, vỏ cây, sợi PP, kim loại, côn trùng, đất cát và các tạp chất khác. - Grade 2:Shape: It appears as threads or small, thin pieces on the tapping cut or in the latex guiding channel. Impurities: It contains visible impurities such as leaves, bark, PP fibers, metal, insects, dirt, sand, and other foreign matter.
A39: …………….……….....………..….…………………..……………...…………..…………………………...……..…………...……………………………….......................................................................................................................................
A40: Yield for the month 1/2026 / SẢN LƯỢNG THÁNG 1 NĂM 2026
A41: No. | B41: Full Name | C41: Employee ID | D41: Date / Ngày............ | F41: Date / Ngày............ | H41: Date / Ngày............ | J41: Date / Ngày............ | L41: Date / Ngày............ | N41: Total Days
N42: TỔNG 0 NGÀY
A43: STT | B43: HỌ VÀ TÊN | C43: Mã số CN | D43: Earth Scrap | F43: Earth Scrap | H43: Earth Scrap | J43: Earth Scrap | L43: Earth Scrap | N43: From…..top …...
N44: (Từ ngày…...đến ngày.…..)
D45: Mủ đất | F45: Mủ đất | H45: Mủ đất | J45: Mủ đất | L45: Mủ đất | N45: Earth Scrap
N46: Mủ đất
B47: ='T4'!D8 | C47: ='T4'!E8 | N47: =SUM(D47:M47)
A48: Total / TC | D48: =SUM(D47:D47) | F48: =SUM(F47:F47) | H48: =SUM(H47:H47) | J48: =SUM(J47:J47) | L48: =SUM(L47:L47) | N48: =SUM(N47:N47)
A50: Notes/ GHI CHÚ:
A51: - Đ: Đạt - mủ loại 1 đạt chất lượng : Có hình dáng theo dụng cụ chứa (chén, thùng) thường là hình trụ. Có màu trắng, vàng, không lẫn các tạp chất dễ thấy như lá cây, vỏ cây, sợi PP, kim loại, côn trùng, đất cát và các tạp chất khác. - Grade 1:Characteristics. Shape: It appears as threads or small, thin pieces on the tapping cut or in the latex guiding channel. Color: It is white, yellow. Dirty : No visible impurities such as leaves, bark, PP fibers, metal, insects, dirt, sand, or other foreign matter. - KĐ: Không đạt - mủ loại 2 không đạt chất lượng : Có hình dáng theo dụng cụ chứa (chén, thùng) thường là hình trụ. Có lẫn các tạp chất dễ thấy như lá cây, vỏ cây, sợi PP, kim loại, côn trùng, đất cát và các tạp chất khác. - Grade 2:Shape: It appears as threads or small, thin pieces on the tapping cut or in the latex guiding channel. Impurities: It contains visible impurities such as leaves, bark, PP fibers, metal, insects, dirt, sand, and other foreign matter.
A52: …………….……….....………..….…………………..……………...…………..…………………………...……..…………...……………………………….......................................................................................................................................
A53: Yield for the month 1/2026 / SẢN LƯỢNG THÁNG 1 NĂM 2026
A54: No. | B54: Full Name | C54: Employee ID | D54: Date / Ngày............ | F54: Date / Ngày............ | H54: Date / Ngày............ | J54: Date / Ngày............ | L54: Date / Ngày............ | N54: Total Days
N55: TỔNG 0 NGÀY
A56: STT | B56: HỌ VÀ TÊN | C56: Mã số CN | D56: Earth Scrap | F56: Earth Scrap | H56: Earth Scrap | J56: Earth Scrap | L56: Earth Scrap | N56: From…..top …...
N57: (Từ ngày…...đến ngày.…..)
D58: Mủ đất | F58: Mủ đất | H58: Mủ đất | J58: Mủ đất | L58: Mủ đất | N58: Earth Scrap
N59: Mủ đất
B60: ='T5'!D8 | C60: ='T5'!E8 | N60: =SUM(D60:M60)
A61: Total / TC | D61: =SUM(D60:D60) | F61: =SUM(F60:F60) | H61: =SUM(H60:H60) | J61: =SUM(J60:J60) | L61: =SUM(L60:L60) | N61: =SUM(N60:N60)
A63: Notes/ GHI CHÚ:
A64: - Đ: Đạt - mủ loại 1 đạt chất lượng : Có hình dáng theo dụng cụ chứa (chén, thùng) thường là hình trụ. Có màu trắng, vàng, không lẫn các tạp chất dễ thấy như lá cây, vỏ cây, sợi PP, kim loại, côn trùng, đất cát và các tạp chất khác. - Grade 1:Characteristics. Shape: It appears as threads or small, thin pieces on the tapping cut or in the latex guiding channel. Color: It is white, yellow. Dirty : No visible impurities such as leaves, bark, PP fibers, metal, insects, dirt, sand, or other foreign matter. - KĐ: Không đạt - mủ loại 2 không đạt chất lượng : Có hình dáng theo dụng cụ chứa (chén, thùng) thường là hình trụ. Có lẫn các tạp chất dễ thấy như lá cây, vỏ cây, sợi PP, kim loại, côn trùng, đất cát và các tạp chất khác. - Grade 2:Shape: It appears as threads or small, thin pieces on the tapping cut or in the latex guiding channel. Impurities: It contains visible impurities such as leaves, bark, PP fibers, metal, insects, dirt, sand, and other foreign matter.
A65: …………….……….....………..….…………………..……………...…………..…………………………...……..…………...……………………………….......................................................................................................................................
A66: Yield for the month 1/2026 / SẢN LƯỢNG THÁNG 1 NĂM 2026
A67: No. | B67: Full Name | C67: Employee ID | D67: Date / Ngày............ | F67: Date / Ngày............ | H67: Date / Ngày............ | J67: Date / Ngày............ | L67: Date / Ngày............ | N67: Total Days
N68: TỔNG 0 NGÀY
A69: STT | B69: HỌ VÀ TÊN | C69: Mã số CN | D69: Earth Scrap | F69: Earth Scrap | H69: Earth Scrap | J69: Earth Scrap | L69: Earth Scrap | N69: From…..top …...
N70: (Từ ngày…...đến ngày.…..)
D71: Mủ đất | F71: Mủ đất | H71: Mủ đất | J71: Mủ đất | L71: Mủ đất | N71: Earth Scrap
N72: Mủ đất
B73: ='T6'!D8 | C73: ='T6'!E8 | N73: =SUM(D73:M73)
A74: Total / TC | D74: =SUM(D73:D73) | F74: =SUM(F73:F73) | H74: =SUM(H73:H73) | J74: =SUM(J73:J73) | L74: =SUM(L73:L73) | N74: =SUM(N73:N73)
A76: Notes/ GHI CHÚ:
A77: - Đ: Đạt - mủ loại 1 đạt chất lượng : Có hình dáng theo dụng cụ chứa (chén, thùng) thường là hình trụ. Có màu trắng, vàng, không lẫn các tạp chất dễ thấy như lá cây, vỏ cây, sợi PP, kim loại, côn trùng, đất cát và các tạp chất khác. - Grade 1:Characteristics. Shape: It appears as threads or small, thin pieces on the tapping cut or in the latex guiding channel. Color: It is white, yellow. Dirty : No visible impurities such as leaves, bark, PP fibers, metal, insects, dirt, sand, or other foreign matter. - KĐ: Không đạt - mủ loại 2 không đạt chất lượng : Có hình dáng theo dụng cụ chứa (chén, thùng) thường là hình trụ. Có lẫn các tạp chất dễ thấy như lá cây, vỏ cây, sợi PP, kim loại, côn trùng, đất cát và các tạp chất khác. - Grade 2:Shape: It appears as threads or small, thin pieces on the tapping cut or in the latex guiding channel. Impurities: It contains visible impurities such as leaves, bark, PP fibers, metal, insects, dirt, sand, and other foreign matter.
A78: …………….……….....………..….…………………..……………...…………..…………………………...……..…………...……………………………….......................................................................................................................................
A79: Yield for the month 1/2026 / SẢN LƯỢNG THÁNG 1 NĂM 2026
A80: No. | B80: Full Name | C80: Employee ID | D80: Date / Ngày............ | F80: Date / Ngày............ | H80: Date / Ngày............ | J80: Date / Ngày............ | L80: Date / Ngày............ | N80: Total Days
N81: TỔNG 0 NGÀY
A82: STT | B82: HỌ VÀ TÊN | C82: Mã số CN | D82: Earth Scrap | F82: Earth Scrap | H82: Earth Scrap | J82: Earth Scrap | L82: Earth Scrap | N82: From…..top …...
N83: (Từ ngày…...đến ngày.…..)
D84: Mủ đất | F84: Mủ đất | H84: Mủ đất | J84: Mủ đất | L84: Mủ đất | N84: Earth Scrap
N85: Mủ đất
B86: ='T7'!D8 | C86: ='T7'!E8 | N86: =SUM(D86:M86)
A87: Total / TC | D87: =SUM(D86:D86) | F87: =SUM(F86:F86) | H87: =SUM(H86:H86) | J87: =SUM(J86:J86) | L87: =SUM(L86:L86) | N87: =SUM(N86:N86)
A89: Notes/ GHI CHÚ:
A90: - Đ: Đạt - mủ loại 1 đạt chất lượng : Có hình dáng theo dụng cụ chứa (chén, thùng) thường là hình trụ. Có màu trắng, vàng, không lẫn các tạp chất dễ thấy như lá cây, vỏ cây, sợi PP, kim loại, côn trùng, đất cát và các tạp chất khác. - Grade 1:Characteristics. Shape: It appears as threads or small, thin pieces on the tapping cut or in the latex guiding channel. Color: It is white, yellow. Dirty : No visible impurities such as leaves, bark, PP fibers, metal, insects, dirt, sand, or other foreign matter. - KĐ: Không đạt - mủ loại 2 không đạt chất lượng : Có hình dáng theo dụng cụ chứa (chén, thùng) thường là hình trụ. Có lẫn các tạp chất dễ thấy như lá cây, vỏ cây, sợi PP, kim loại, côn trùng, đất cát và các tạp chất khác. - Grade 2:Shape: It appears as threads or small, thin pieces on the tapping cut or in the latex guiding channel. Impurities: It contains visible impurities such as leaves, bark, PP fibers, metal, insects, dirt, sand, and other foreign matter.
A91: …………….……….....………..….…………………..……………...…………..…………………………...……..…………...……………………………….......................................................................................................................................
A92: Yield for the month 1/2026 / SẢN LƯỢNG THÁNG 1 NĂM 2026
A93: No. | B93: Full Name | C93: Employee ID | D93: Date / Ngày............ | F93: Date / Ngày............ | H93: Date / Ngày............ | J93: Date / Ngày............ | L93: Date / Ngày............ | N93: Total Days
N94: TỔNG 0 NGÀY
A95: STT | B95: HỌ VÀ TÊN | C95: Mã số CN | D95: Earth Scrap | F95: Earth Scrap | H95: Earth Scrap | J95: Earth Scrap | L95: Earth Scrap | N95: From…..top …...
N96: (Từ ngày…...đến ngày.…..)
D97: Mủ đất | F97: Mủ đất | H97: Mủ đất | J97: Mủ đất | L97: Mủ đất | N97: Earth Scrap
N98: Mủ đất
B99: ='T8'!D8 | C99: ='T8'!E8 | N99: =SUM(D99:M99)
A100: Total / TC | D100: =SUM(D99:D99) | F100: =SUM(F99:F99) | H100: =SUM(H99:H99) | J100: =SUM(J99:J99) | L100: =SUM(L99:L99) | N100: =SUM(N99:N99)
A102: Notes/ GHI CHÚ:
A103: - Đ: Đạt - mủ loại 1 đạt chất lượng : Có hình dáng theo dụng cụ chứa (chén, thùng) thường là hình trụ. Có màu trắng, vàng, không lẫn các tạp chất dễ thấy như lá cây, vỏ cây, sợi PP, kim loại, côn trùng, đất cát và các tạp chất khác. - Grade 1:Characteristics. Shape: It appears as threads or small, thin pieces on the tapping cut or in the latex guiding channel. Color: It is white, yellow. Dirty : No visible impurities such as leaves, bark, PP fibers, metal, insects, dirt, sand, or other foreign matter. - KĐ: Không đạt - mủ loại 2 không đạt chất lượng : Có hình dáng theo dụng cụ chứa (chén, thùng) thường là hình trụ. Có lẫn các tạp chất dễ thấy như lá cây, vỏ cây, sợi PP, kim loại, côn trùng, đất cát và các tạp chất khác. - Grade 2:Shape: It appears as threads or small, thin pieces on the tapping cut or in the latex guiding channel. Impurities: It contains visible impurities such as leaves, bark, PP fibers, metal, insects, dirt, sand, and other foreign matter.
A104: …………….……….....………..….…………………..……………...…………..…………………………...……..…………...……………………………….......................................................................................................................................
A105: Yield for the month 1/2026 / SẢN LƯỢNG THÁNG 1 NĂM 2026
A106: No. | B106: Full Name | C106: Employee ID | D106: Date / Ngày............ | F106: Date / Ngày............ | H106: Date / Ngày............ | J106: Date / Ngày............ | L106: Date / Ngày............ | N106: Total Days
N107: TỔNG 0 NGÀY
A108: STT | B108: HỌ VÀ TÊN | C108: Mã số CN | D108: Earth Scrap | F108: Earth Scrap | H108: Earth Scrap | J108: Earth Scrap | L108: Earth Scrap | N108: From…..top …...
...

Sheet Mủ dây
A1: Yield for the month 1/2026 / SẢN LƯỢNG THÁNG 1 NĂM 2026
A2: No. | B2: Full Name | C2: Employee ID | D2: Date / Ngày 12 | F2: Date / Ngày 21 | H2: Date / Ngày............ | J2: Date / Ngày............ | L2: Date / Ngày............ | N2: Total Days
N3: TỔNG 0 NGÀY
A4: STT | B4: HỌ VÀ TÊN | C4: Mã số CN | D4: Tree Lace | F4: Tree Lace | H4: Tree Lace | J4: Tree Lace | L4: Tree Lace | N4: From…..top …...
N5: (Từ ngày…...đến ngày.…..)
D6: Mủ dây | F6: Mủ dây | H6: Mủ dây | J6: Mủ dây | L6: Mủ dây | N6: Tree Lace
N7: Mủ dây
B8: ='T1'!D8 | C8: ='T1'!E8 | N8: =SUM(D8:M8)
A9: Total / TC | D9: =SUM(D8:D8) | F9: =SUM(F8:F8) | H9: =SUM(H8:H8) | J9: =SUM(J8:J8) | L9: =SUM(L8:L8) | N9: =SUM(N8:N8)
A11: Notes/ GHI CHÚ:
A12: - Đ: Đạt - mủ loại 1 đạt chất lượng : Có hình dáng theo dụng cụ chứa (chén, thùng) thường là hình trụ. Có màu trắng, vàng, không lẫn các tạp chất dễ thấy như lá cây, vỏ cây, sợi PP, kim loại, côn trùng, đất cát và các tạp chất khác. - Grade 1:Characteristics. Shape: It appears as threads or small, thin pieces on the tapping cut or in the latex guiding channel. Color: It is white, yellow. Dirty : No visible impurities such as leaves, bark, PP fibers, metal, insects, dirt, sand, or other foreign matter. - KĐ: Không đạt - mủ loại 2 không đạt chất lượng : Có hình dáng theo dụng cụ chứa (chén, thùng) thường là hình trụ. Có lẫn các tạp chất dễ thấy như lá cây, vỏ cây, sợi PP, kim loại, côn trùng, đất cát và các tạp chất khác. - Grade 2:Shape: It appears as threads or small, thin pieces on the tapping cut or in the latex guiding channel. Impurities: It contains visible impurities such as leaves, bark, PP fibers, metal, insects, dirt, sand, and other foreign matter.
A13: …………….……….....………..….…………………..……………...…………..…………………………...……..…………...……………………………….............................................................
A14: …………….……….....………..….…………………..……………...…………..…………………………...……..…………...……………………………….............................................................
A15: Yield for the month 1/2026 / SẢN LƯỢNG THÁNG 1 NĂM 2026
A16: No. | B16: Full Name | C16: Employee ID | D16: Date / Ngày 12 | F16: Date / Ngày 21 | H16: Date / Ngày............ | J16: Date / Ngày............ | L16: Date / Ngày............ | N16: Total Days
N17: TỔNG 0 NGÀY
A18: STT | B18: HỌ VÀ TÊN | C18: Mã số CN | D18: Tree Lace | F18: Tree Lace | H18: Tree Lace | J18: Tree Lace | L18: Tree Lace | N18: From…..top …...
N19: (Từ ngày…...đến ngày.…..)
D20: Mủ dây | F20: Mủ dây | H20: Mủ dây | J20: Mủ dây | L20: Mủ dây | N20: Tree Lace
N21: Mủ dây
B22: ='T2'!D8 | C22: ='T2'!E8 | N22: =SUM(D22:M22)
A23: Total / TC | D23: =SUM(D22:D22) | F23: =SUM(F22:F22) | H23: =SUM(H22:H22) | J23: =SUM(J22:J22) | L23: =SUM(L22:L22) | N23: =SUM(N22:N22)
A25: Notes/ GHI CHÚ:
A26: - Đ: Đạt - mủ loại 1 đạt chất lượng : Có hình dáng theo dụng cụ chứa (chén, thùng) thường là hình trụ. Có màu trắng, vàng, không lẫn các tạp chất dễ thấy như lá cây, vỏ cây, sợi PP, kim loại, côn trùng, đất cát và các tạp chất khác. - Grade 1:Characteristics. Shape: It appears as threads or small, thin pieces on the tapping cut or in the latex guiding channel. Color: It is white, yellow. Dirty : No visible impurities such as leaves, bark, PP fibers, metal, insects, dirt, sand, or other foreign matter. - KĐ: Không đạt - mủ loại 2 không đạt chất lượng : Có hình dáng theo dụng cụ chứa (chén, thùng) thường là hình trụ. Có lẫn các tạp chất dễ thấy như lá cây, vỏ cây, sợi PP, kim loại, côn trùng, đất cát và các tạp chất khác. - Grade 2:Shape: It appears as threads or small, thin pieces on the tapping cut or in the latex guiding channel. Impurities: It contains visible impurities such as leaves, bark, PP fibers, metal, insects, dirt, sand, and other foreign matter.
A27: …………….……….....………..….…………………..……………...…………..…………………………...……..…………...……………………………….............................................................
A28: …………….……….....………..….…………………..……………...…………..…………………………...……..…………...……………………………….............................................................
A29: Yield for the month 1/2026 / SẢN LƯỢNG THÁNG 1 NĂM 2026
A30: No. | B30: Full Name | C30: Employee ID | D30: Date / Ngày 12 | F30: Date / Ngày 21 | H30: Date / Ngày............ | J30: Date / Ngày............ | L30: Date / Ngày............ | N30: Total Days
N31: TỔNG 0 NGÀY
A32: STT | B32: HỌ VÀ TÊN | C32: Mã số CN | D32: Tree Lace | F32: Tree Lace | H32: Tree Lace | J32: Tree Lace | L32: Tree Lace | N32: From…..top …...
N33: (Từ ngày…...đến ngày.…..)
D34: Mủ dây | F34: Mủ dây | H34: Mủ dây | J34: Mủ dây | L34: Mủ dây | N34: Tree Lace
N35: Mủ dây
B36: ='T3'!D8 | C36: ='T3'!E8 | N36: =SUM(D36:M36)
A37: Total / TC | D37: =SUM(D36:D36) | F37: =SUM(F36:F36) | H37: =SUM(H36:H36) | J37: =SUM(J36:J36) | L37: =SUM(L36:L36) | N37: =SUM(N36:N36)
A39: Notes/ GHI CHÚ:
A40: - Đ: Đạt - mủ loại 1 đạt chất lượng : Có hình dáng theo dụng cụ chứa (chén, thùng) thường là hình trụ. Có màu trắng, vàng, không lẫn các tạp chất dễ thấy như lá cây, vỏ cây, sợi PP, kim loại, côn trùng, đất cát và các tạp chất khác. - Grade 1:Characteristics. Shape: It appears as threads or small, thin pieces on the tapping cut or in the latex guiding channel. Color: It is white, yellow. Dirty : No visible impurities such as leaves, bark, PP fibers, metal, insects, dirt, sand, or other foreign matter. - KĐ: Không đạt - mủ loại 2 không đạt chất lượng : Có hình dáng theo dụng cụ chứa (chén, thùng) thường là hình trụ. Có lẫn các tạp chất dễ thấy như lá cây, vỏ cây, sợi PP, kim loại, côn trùng, đất cát và các tạp chất khác. - Grade 2:Shape: It appears as threads or small, thin pieces on the tapping cut or in the latex guiding channel. Impurities: It contains visible impurities such as leaves, bark, PP fibers, metal, insects, dirt, sand, and other foreign matter.
A41: …………….……….....………..….…………………..……………...…………..…………………………...……..…………...……………………………….............................................................
A42: …………….……….....………..….…………………..……………...…………..…………………………...……..…………...……………………………….............................................................
A43: Yield for the month 1/2026 / SẢN LƯỢNG THÁNG 1 NĂM 2026
A44: No. | B44: Full Name | C44: Employee ID | D44: Date / Ngày 12 | F44: Date / Ngày 21 | H44: Date / Ngày............ | J44: Date / Ngày............ | L44: Date / Ngày............ | N44: Total Days
N45: TỔNG 0 NGÀY
A46: STT | B46: HỌ VÀ TÊN | C46: Mã số CN | D46: Tree Lace | F46: Tree Lace | H46: Tree Lace | J46: Tree Lace | L46: Tree Lace | N46: From…..top …...
N47: (Từ ngày…...đến ngày.…..)
D48: Mủ dây | F48: Mủ dây | H48: Mủ dây | J48: Mủ dây | L48: Mủ dây | N48: Tree Lace
N49: Mủ dây
B50: ='T4'!D8 | C50: ='T4'!E8 | N50: =SUM(D50:M50)
A51: Total / TC | D51: =SUM(D50:D50) | F51: =SUM(F50:F50) | H51: =SUM(H50:H50) | J51: =SUM(J50:J50) | L51: =SUM(L50:L50) | N51: =SUM(N50:N50)
A53: Notes/ GHI CHÚ:
A54: - Đ: Đạt - mủ loại 1 đạt chất lượng : Có hình dáng theo dụng cụ chứa (chén, thùng) thường là hình trụ. Có màu trắng, vàng, không lẫn các tạp chất dễ thấy như lá cây, vỏ cây, sợi PP, kim loại, côn trùng, đất cát và các tạp chất khác. - Grade 1:Characteristics. Shape: It appears as threads or small, thin pieces on the tapping cut or in the latex guiding channel. Color: It is white, yellow. Dirty : No visible impurities such as leaves, bark, PP fibers, metal, insects, dirt, sand, or other foreign matter. - KĐ: Không đạt - mủ loại 2 không đạt chất lượng : Có hình dáng theo dụng cụ chứa (chén, thùng) thường là hình trụ. Có lẫn các tạp chất dễ thấy như lá cây, vỏ cây, sợi PP, kim loại, côn trùng, đất cát và các tạp chất khác. - Grade 2:Shape: It appears as threads or small, thin pieces on the tapping cut or in the latex guiding channel. Impurities: It contains visible impurities such as leaves, bark, PP fibers, metal, insects, dirt, sand, and other foreign matter.
A55: …………….……….....………..….…………………..……………...…………..…………………………...……..…………...……………………………….............................................................
A56: …………….……….....………..….…………………..……………...…………..…………………………...……..…………...……………………………….............................................................
A57: Yield for the month 1/2026 / SẢN LƯỢNG THÁNG 1 NĂM 2026
A58: No. | B58: Full Name | C58: Employee ID | D58: Date / Ngày 12 | F58: Date / Ngày 21 | H58: Date / Ngày............ | J58: Date / Ngày............ | L58: Date / Ngày............ | N58: Total Days
N59: TỔNG 0 NGÀY
A60: STT | B60: HỌ VÀ TÊN | C60: Mã số CN | D60: Tree Lace | F60: Tree Lace | H60: Tree Lace | J60: Tree Lace | L60: Tree Lace | N60: From…..top …...
N61: (Từ ngày…...đến ngày.…..)
D62: Mủ dây | F62: Mủ dây | H62: Mủ dây | J62: Mủ dây | L62: Mủ dây | N62: Tree Lace
N63: Mủ dây
B64: ='T5'!D8 | C64: ='T5'!E8 | N64: =SUM(D64:M64)
A65: Total / TC | D65: =SUM(D64:D64) | F65: =SUM(F64:F64) | H65: =SUM(H64:H64) | J65: =SUM(J64:J64) | L65: =SUM(L64:L64) | N65: =SUM(N64:N64)
A67: Notes/ GHI CHÚ:
A68: - Đ: Đạt - mủ loại 1 đạt chất lượng : Có hình dáng theo dụng cụ chứa (chén, thùng) thường là hình trụ. Có màu trắng, vàng, không lẫn các tạp chất dễ thấy như lá cây, vỏ cây, sợi PP, kim loại, côn trùng, đất cát và các tạp chất khác. - Grade 1:Characteristics. Shape: It appears as threads or small, thin pieces on the tapping cut or in the latex guiding channel. Color: It is white, yellow. Dirty : No visible impurities such as leaves, bark, PP fibers, metal, insects, dirt, sand, or other foreign matter. - KĐ: Không đạt - mủ loại 2 không đạt chất lượng : Có hình dáng theo dụng cụ chứa (chén, thùng) thường là hình trụ. Có lẫn các tạp chất dễ thấy như lá cây, vỏ cây, sợi PP, kim loại, côn trùng, đất cát và các tạp chất khác. - Grade 2:Shape: It appears as threads or small, thin pieces on the tapping cut or in the latex guiding channel. Impurities: It contains visible impurities such as leaves, bark, PP fibers, metal, insects, dirt, sand, and other foreign matter.
A69: …………….……….....………..….…………………..……………...…………..…………………………...……..…………...……………………………….............................................................
A70: …………….……….....………..….…………………..……………...…………..…………………………...……..…………...……………………………….............................................................
A71: Yield for the month 1/2026 / SẢN LƯỢNG THÁNG 1 NĂM 2026
A72: No. | B72: Full Name | C72: Employee ID | D72: Date / Ngày 12 | F72: Date / Ngày 21 | H72: Date / Ngày............ | J72: Date / Ngày............ | L72: Date / Ngày............ | N72: Total Days
N73: TỔNG 0 NGÀY
A74: STT | B74: HỌ VÀ TÊN | C74: Mã số CN | D74: Tree Lace | F74: Tree Lace | H74: Tree Lace | J74: Tree Lace | L74: Tree Lace | N74: From…..top …...
N75: (Từ ngày…...đến ngày.…..)
D76: Mủ dây | F76: Mủ dây | H76: Mủ dây | J76: Mủ dây | L76: Mủ dây | N76: Tree Lace
N77: Mủ dây
B78: ='T6'!D8 | C78: ='T6'!E8 | N78: =SUM(D78:M78)
A79: Total / TC | D79: =SUM(D78:D78) | F79: =SUM(F78:F78) | H79: =SUM(H78:H78) | J79: =SUM(J78:J78) | L79: =SUM(L78:L78) | N79: =SUM(N78:N78)
A81: Notes/ GHI CHÚ:
A82: - Đ: Đạt - mủ loại 1 đạt chất lượng : Có hình dáng theo dụng cụ chứa (chén, thùng) thường là hình trụ. Có màu trắng, vàng, không lẫn các tạp chất dễ thấy như lá cây, vỏ cây, sợi PP, kim loại, côn trùng, đất cát và các tạp chất khác. - Grade 1:Characteristics. Shape: It appears as threads or small, thin pieces on the tapping cut or in the latex guiding channel. Color: It is white, yellow. Dirty : No visible impurities such as leaves, bark, PP fibers, metal, insects, dirt, sand, or other foreign matter. - KĐ: Không đạt - mủ loại 2 không đạt chất lượng : Có hình dáng theo dụng cụ chứa (chén, thùng) thường là hình trụ. Có lẫn các tạp chất dễ thấy như lá cây, vỏ cây, sợi PP, kim loại, côn trùng, đất cát và các tạp chất khác. - Grade 2:Shape: It appears as threads or small, thin pieces on the tapping cut or in the latex guiding channel. Impurities: It contains visible impurities such as leaves, bark, PP fibers, metal, insects, dirt, sand, and other foreign matter.
A83: …………….……….....………..….…………………..……………...…………..…………………………...……..…………...……………………………….............................................................
A84: …………….……….....………..….…………………..……………...…………..…………………………...……..…………...……………………………….............................................................
A85: Yield for the month 1/2026 / SẢN LƯỢNG THÁNG 1 NĂM 2026
A86: No. | B86: Full Name | C86: Employee ID | D86: Date / Ngày 12 | F86: Date / Ngày 21 | H86: Date / Ngày............ | J86: Date / Ngày............ | L86: Date / Ngày............ | N86: Total Days
N87: TỔNG 0 NGÀY
A88: STT | B88: HỌ VÀ TÊN | C88: Mã số CN | D88: Tree Lace | F88: Tree Lace | H88: Tree Lace | J88: Tree Lace | L88: Tree Lace | N88: From…..top …...
N89: (Từ ngày…...đến ngày.…..)
D90: Mủ dây | F90: Mủ dây | H90: Mủ dây | J90: Mủ dây | L90: Mủ dây | N90: Tree Lace
N91: Mủ dây
B92: ='T7'!D8 | C92: ='T7'!E8 | N92: =SUM(D92:M92)
A93: Total / TC | D93: =SUM(D92:D92) | F93: =SUM(F92:F92) | H93: =SUM(H92:H92) | J93: =SUM(J92:J92) | L93: =SUM(L92:L92) | N93: =SUM(N92:N92)
A95: Notes/ GHI CHÚ:
A96: - Đ: Đạt - mủ loại 1 đạt chất lượng : Có hình dáng theo dụng cụ chứa (chén, thùng) thường là hình trụ. Có màu trắng, vàng, không lẫn các tạp chất dễ thấy như lá cây, vỏ cây, sợi PP, kim loại, côn trùng, đất cát và các tạp chất khác. - Grade 1:Characteristics. Shape: It appears as threads or small, thin pieces on the tapping cut or in the latex guiding channel. Color: It is white, yellow. Dirty : No visible impurities such as leaves, bark, PP fibers, metal, insects, dirt, sand, or other foreign matter. - KĐ: Không đạt - mủ loại 2 không đạt chất lượng : Có hình dáng theo dụng cụ chứa (chén, thùng) thường là hình trụ. Có lẫn các tạp chất dễ thấy như lá cây, vỏ cây, sợi PP, kim loại, côn trùng, đất cát và các tạp chất khác. - Grade 2:Shape: It appears as threads or small, thin pieces on the tapping cut or in the latex guiding channel. Impurities: It contains visible impurities such as leaves, bark, PP fibers, metal, insects, dirt, sand, and other foreign matter.
A97: …………….……….....………..….…………………..……………...…………..…………………………...……..…………...……………………………….............................................................
A98: …………….……….....………..….…………………..……………...…………..…………………………...……..…………...……………………………….............................................................
A99: Yield for the month 1/2026 / SẢN LƯỢNG THÁNG 1 NĂM 2026
A100: No. | B100: Full Name | C100: Employee ID | D100: Date / Ngày 12 | F100: Date / Ngày 21 | H100: Date / Ngày............ | J100: Date / Ngày............ | L100: Date / Ngày............ | N100: Total Days
N101: TỔNG 0 NGÀY
A102: STT | B102: HỌ VÀ TÊN | C102: Mã số CN | D102: Tree Lace | F102: Tree Lace | H102: Tree Lace | J102: Tree Lace | L102: Tree Lace | N102: From…..top …...
N103: (Từ ngày…...đến ngày.…..)
D104: Mủ dây | F104: Mủ dây | H104: Mủ dây | J104: Mủ dây | L104: Mủ dây | N104: Tree Lace
N105: Mủ dây
B106: ='T8'!D8 | C106: ='T8'!E8 | N106: =SUM(D106:M106)
A107: Total / TC | D107: =SUM(D106:D106) | F107: =SUM(F106:F106) | H107: =SUM(H106:H106) | J107: =SUM(J106:J106) | L107: =SUM(L106:L106) | N107: =SUM(N106:N106)
...

Sheet TỔNG
A1: Yield for the month 1/2026 / SẢN LƯỢNG THÁNG 1 NĂM 2026
B2: % DRC Cup Lump/mủ đông chén: 49 % | G2: % DRC Tree Lace/mủ dây: 60 %
A3: No, | B3: Full Name | C3: Employee ID | D3: Total Cup Lump /TỔNG MỦ ĐÔNG - DRC: 49% | H3: Total Tree Lace/TỔNG MỦ DÂY(NL) - DRC 60% | K3: Total Earth Scrap /TỔNG MỦ ĐẤT -DRC 22% | N3: Total Dry Rubber | O3: Signature Worker CÔNG NHÂN KÍ TÊN
A5: STT | B5: HỌ VÀ TÊN | C5: Mã số CN | D5: Group /NHÓM | G5: Total Dry Cup Lump /Tổng Quy Khô Mủ Đông | H5: Group /NHÓM | J5: Total Dry Tree Lace Tổng Quy Khô Mủ Dây | K5: Group /NHÓM | M5: Total Dry Earth Scrap Tổng Quy Khô Mủ Đất | N5: TỔNG Sản Lượng Quy Khô
D7: Grade I | E7: Grade II | F7: Dry Tree lace Rubber | H7: KG | I7: Dry Tree lace Rubber | K7: KG | L7: Dry Eath Scrap Rubber
D8: Loại I | E8: Loại II | F8: QK | G8: KG | H8: KG | I8: QK | J8: KG | K8: KG | L8: QK | M8: KG | N8: KG
B9: ='T1'!D8 | C9: ='T1'!E8 | D9: ='T1'!V8+'T1'!V29+'T1'!V50+'T1'!V71-E9 | F9: =(D9+E9)*0.49 | G9: =F9 | H9: ='Mủ dây'!N8 | I9: =H9*0.6 | J9: =I9 | K9: ='Mủ đất'!N8 | L9: =K9*0.22 | M9: =L9 | N9: =G9+J9+M9
A10: Total / TC | D10: =SUM(D9:D9) | E10: =SUM(E9:E9) | F10: =SUM(F9:F9) | G10: =SUM(G9:G9) | H10: =SUM(H9:H9) | I10: =SUM(I9:I9) | J10: =SUM(J9:J9) | K10: =SUM(K9:K9) | ... N10: =SUM(N9:N9)
A11: Notes / GHI CHÚ: II / Mủ đạt: Loại I, Không đạt: Loại II
A12: …………….……….....………..….…………………..……………...…………..…………………………...……..…………...……………………………….......................................................................................................................................
B13: Zone | J13: Manager Farm Unit
B14: KHU VỰC 1 | J14: ĐỘI SẢN XUẤT
A25: Yield for the month 1/2026 / SẢN LƯỢNG THÁNG 1 NĂM 2026
B26: % DRC Cup Lump/mủ đông chén: 49 % | G26: % DRC Tree Lace/mủ dây: 60 %
A27: No, | B27: Full Name | C27: Employee ID | D27: Total Cup Lump /TỔNG MỦ ĐÔNG - DRC: 49% | H27: Total Tree Lace/TỔNG MỦ DÂY(NL) - DRC 60% | K27: Total Earth Scrap /TỔNG MỦ ĐẤT -DRC 22% | N27: Total Dry Rubber | O27: Signature Worker CÔNG NHÂN KÍ TÊN
A29: STT | B29: HỌ VÀ TÊN | C29: Mã số CN | D29: Group /NHÓM | G29: Total Dry Cup Lump /Tổng Quy Khô Mủ Đông | H29: Group /NHÓM | J29: Total Dry Tree Lace Tổng Quy Khô Mủ Dây | K29: Group /NHÓM | M29: Total Dry Earth Scrap Tổng Quy Khô Mủ Đất | N29: TỔNG Sản Lượng Quy Khô
D31: Grade I | E31: Grade II | F31: Dry Tree lace Rubber | H31: KG | I31: Dry Tree lace Rubber | K31: KG | L31: Dry Eath Scrap Rubber
D32: Loại I | E32: Loại II | F32: QK | G32: KG | H32: KG | I32: QK | J32: KG | K32: KG | L32: QK | M32: KG | N32: KG
B33: ='T2'!D8 | C33: ='T2'!E8 | D33: ='T2'!V8+'T2'!V29+'T2'!V50+'T2'!V71-E33 | F33: =(D33+E33)*0.49 | G33: =F33 | H33: ='Mủ dây'!N22 | I33: =H33*0.6 | J33: =I33 | K33: ='Mủ đất'!N21 | L33: =K33*0.22 | M33: =L33 | N33: =G33+J33+M33
A34: Total / TC | D34: =SUM(D33:D33) | E34: =SUM(E33:E33) | F34: =SUM(F33:F33) | G34: =SUM(G33:G33) | H34: =SUM(H33:H33) | I34: =SUM(I33:I33) | J34: =SUM(J33:J33) | K34: =SUM(K33:K33) | ... N34: =SUM(N33:N33)
A35: Notes / GHI CHÚ: II / Mủ đạt: Loại I, Không đạt: Loại II
A36: …………….……….....………..….…………………..……………...…………..…………………………...……..…………...……………………………….......................................................................................................................................
B37: Zone | J37: Manager Farm Unit
B38: KHU VỰC 2 | J38: ĐỘI SẢN XUẤT
A49: Yield for the month 1/2026 / SẢN LƯỢNG THÁNG 1 NĂM 2026
B50: % DRC Cup Lump/mủ đông chén: 49 % | G50: % DRC Tree Lace/mủ dây: 60 %
A51: No, | B51: Full Name | C51: Employee ID | D51: Total Cup Lump /TỔNG MỦ ĐÔNG - DRC: 49% | H51: Total Tree Lace/TỔNG MỦ DÂY(NL) - DRC 60% | K51: Total Earth Scrap /TỔNG MỦ ĐẤT -DRC 22% | N51: Total Dry Rubber | O51: Signature Worker CÔNG NHÂN KÍ TÊN
A53: STT | B53: HỌ VÀ TÊN | C53: Mã số CN | D53: Group /NHÓM | G53: Total Dry Cup Lump /Tổng Quy Khô Mủ Đông | H53: Group /NHÓM | J53: Total Dry Tree Lace Tổng Quy Khô Mủ Dây | K53: Group /NHÓM | M53: Total Dry Earth Scrap Tổng Quy Khô Mủ Đất | N53: TỔNG Sản Lượng Quy Khô
D55: Grade I | E55: Grade II | F55: Dry Tree lace Rubber | H55: KG | I55: Dry Tree lace Rubber | K55: KG | L55: Dry Eath Scrap Rubber
D56: Loại I | E56: Loại II | F56: QK | G56: KG | H56: KG | I56: QK | J56: KG | K56: KG | L56: QK | M56: KG | N56: KG
B57: ='T3'!D8 | C57: ='T3'!E8 | D57: ='T3'!V8+'T3'!V29+'T3'!V50+'T3'!V71-E57 | F57: =(D57+E57)*0.49 | G57: =F57 | H57: ='Mủ dây'!N36 | I57: =H57*0.6 | J57: =I57 | K57: ='Mủ đất'!N34 | L57: =K57*0.22 | M57: =L57 | N57: =G57+J57+M57
A58: Total / TC | D58: =SUM(D57:D57) | E58: =SUM(E57:E57) | F58: =SUM(F57:F57) | G58: =SUM(G57:G57) | H58: =SUM(H57:H57) | I58: =SUM(I57:I57) | J58: =SUM(J57:J57) | K58: =SUM(K57:K57) | ... N58: =SUM(N57:N57)
A59: Notes / GHI CHÚ: II / Mủ đạt: Loại I, Không đạt: Loại II
A60: …………….……….....………..….…………………..……………...…………..…………………………...……..…………...……………………………….......................................................................................................................................
B61: Zone | J61: Manager Farm Unit
B62: KHU VỰC 3 | J62: ĐỘI SẢN XUẤT
A73: Yield for the month 1/2026 / SẢN LƯỢNG THÁNG 1 NĂM 2026
B74: % DRC Cup Lump/mủ đông chén: 49 % | G74: % DRC Tree Lace/mủ dây: 60 %
A75: No, | B75: Full Name | C75: Employee ID | D75: Total Cup Lump /TỔNG MỦ ĐÔNG - DRC: 49% | H75: Total Tree Lace/TỔNG MỦ DÂY(NL) - DRC 60% | K75: Total Earth Scrap /TỔNG MỦ ĐẤT -DRC 22% | N75: Total Dry Rubber | O75: Signature Worker CÔNG NHÂN KÍ TÊN
A77: STT | B77: HỌ VÀ TÊN | C77: Mã số CN | D77: Group /NHÓM | G77: Total Dry Cup Lump /Tổng Quy Khô Mủ Đông | H77: Group /NHÓM | J77: Total Dry Tree Lace Tổng Quy Khô Mủ Dây | K77: Group /NHÓM | M77: Total Dry Earth Scrap Tổng Quy Khô Mủ Đất | N77: TỔNG Sản Lượng Quy Khô
D79: Grade I | E79: Grade II | F79: Dry Tree lace Rubber | H79: KG | I79: Dry Tree lace Rubber | K79: KG | L79: Dry Eath Scrap Rubber
D80: Loại I | E80: Loại II | F80: QK | G80: KG | H80: KG | I80: QK | J80: KG | K80: KG | L80: QK | M80: KG | N80: KG
B81: ='T4'!D8 | C81: ='T4'!E8 | D81: ='T4'!V8+'T4'!V29+'T4'!V50+'T4'!V71-E81 | F81: =(D81+E81)*0.49 | G81: =F81 | H81: ='Mủ dây'!N50 | I81: =H81*0.6 | J81: =I81 | K81: ='Mủ đất'!N47 | L81: =K81*0.22 | M81: =L81 | N81: =G81+J81+M81
A82: Total / TC | D82: =SUM(D81:D81) | E82: =SUM(E81:E81) | F82: =SUM(F81:F81) | G82: =SUM(G81:G81) | H82: =SUM(H81:H81) | I82: =SUM(I81:I81) | J82: =SUM(J81:J81) | K82: =SUM(K81:K81) | ... N82: =SUM(N81:N81)
A83: Notes / GHI CHÚ: II / Mủ đạt: Loại I, Không đạt: Loại II
A84: …………….……….....………..….…………………..……………...…………..…………………………...……..…………...……………………………….......................................................................................................................................
B85: Zone | J85: Manager Farm Unit
B86: KHU VỰC 4 | J86: ĐỘI SẢN XUẤT
A97: Yield for the month 1/2026 / SẢN LƯỢNG THÁNG 1 NĂM 2026
B98: % DRC Cup Lump/mủ đông chén: 49 % | G98: % DRC Tree Lace/mủ dây: 60 %
A99: No, | B99: Full Name | C99: Employee ID | D99: Total Cup Lump /TỔNG MỦ ĐÔNG - DRC: 49% | H99: Total Tree Lace/TỔNG MỦ DÂY(NL) - DRC 60% | K99: Total Earth Scrap /TỔNG MỦ ĐẤT -DRC 22% | N99: Total Dry Rubber | O99: Signature Worker CÔNG NHÂN KÍ TÊN
A101: STT | B101: HỌ VÀ TÊN | C101: Mã số CN | D101: Group /NHÓM | G101: Total Dry Cup Lump /Tổng Quy Khô Mủ Đông | H101: Group /NHÓM | J101: Total Dry Tree Lace Tổng Quy Khô Mủ Dây | K101: Group /NHÓM | M101: Total Dry Earth Scrap Tổng Quy Khô Mủ Đất | N101: TỔNG Sản Lượng Quy Khô
D103: Grade I | E103: Grade II | F103: Dry Tree lace Rubber | H103: KG | I103: Dry Tree lace Rubber | K103: KG | L103: Dry Eath Scrap Rubber
D104: Loại I | E104: Loại II | F104: QK | G104: KG | H104: KG | I104: QK | J104: KG | K104: KG | L104: QK | M104: KG | N104: KG
B105: ='T5'!D8 | C105: ='T5'!E8 | D105: ='T5'!V8+'T5'!V29+'T5'!V50+'T5'!V71-E105 | F105: =(D105+E105)*0.49 | G105: =F105 | H105: ='Mủ dây'!N64 | I105: =H105*0.6 | J105: =I105 | K105: ='Mủ đất'!N60 | L105: =K105*0.22 | M105: =L105 | N105: =G105+J105+M105
A106: Total / TC | D106: =SUM(D105:D105) | E106: =SUM(E105:E105) | F106: =SUM(F105:F105) | G106: =SUM(G105:G105) | H106: =SUM(H105:H105) | I106: =SUM(I105:I105) | J106: =SUM(J105:J105) | K106: =SUM(K105:K105) | ... N106: =SUM(N105:N105)
A107: Notes / GHI CHÚ: II / Mủ đạt: Loại I, Không đạt: Loại II
A108: …………….……….....………..….…………………..……………...…………..…………………………...……..…………...……………………………….......................................................................................................................................
B109: Zone | J109: Manager Farm Unit
B110: KHU VỰC 5 | J110: ĐỘI SẢN XUẤT
A121: Yield for the month 1/2026 / SẢN LƯỢNG THÁNG 1 NĂM 2026
B122: % DRC Cup Lump/mủ đông chén: 49 % | G122: % DRC Tree Lace/mủ dây: 60 %
A123: No, | B123: Full Name | C123: Employee ID | D123: Total Cup Lump /TỔNG MỦ ĐÔNG - DRC: 49% | H123: Total Tree Lace/TỔNG MỦ DÂY(NL) - DRC 60% | K123: Total Earth Scrap /TỔNG MỦ ĐẤT -DRC 22% | N123: Total Dry Rubber | O123: Signature Worker CÔNG NHÂN KÍ TÊN
A125: STT | B125: HỌ VÀ TÊN | C125: Mã số CN | D125: Group /NHÓM | G125: Total Dry Cup Lump /Tổng Quy Khô Mủ Đông | H125: Group /NHÓM | J125: Total Dry Tree Lace Tổng Quy Khô Mủ Dây | K125: Group /NHÓM | M125: Total Dry Earth Scrap Tổng Quy Khô Mủ Đất | N125: TỔNG Sản Lượng Quy Khô
D127: Grade I | E127: Grade II | F127: Dry Tree lace Rubber | H127: KG | I127: Dry Tree lace Rubber | K127: KG | L127: Dry Eath Scrap Rubber
D128: Loại I | E128: Loại II | F128: QK | G128: KG | H128: KG | I128: QK | J128: KG | K128: KG | L128: QK | M128: KG | N128: KG
B129: ='T6'!D8 | C129: ='T6'!E8 | D129: ='T6'!V8+'T6'!V29+'T6'!V50+'T6'!V71-E129 | F129: =(D129+E129)*0.49 | G129: =F129 | H129: ='Mủ dây'!N78 | I129: =H129*0.6 | J129: =I129 | K129: ='Mủ đất'!N73 | L129: =K129*0.22 | M129: =L129 | N129: =G129+J129+M129
A130: Total / TC | D130: =SUM(D129:D129) | E130: =SUM(E129:E129) | F130: =SUM(F129:F129) | G130: =SUM(G129:G129) | H130: =SUM(H129:H129) | I130: =SUM(I129:I129) | J130: =SUM(J129:J129) | K130: =SUM(K129:K129) | ... N130: =SUM(N129:N129)
A131: Notes / GHI CHÚ: II / Mủ đạt: Loại I, Không đạt: Loại II
A132: …………….……….....………..….…………………..……………...…………..…………………………...……..…………...……………………………….......................................................................................................................................
B133: Zone | J133: Manager Farm Unit
B134: KHU VỰC 6 | J134: ĐỘI SẢN XUẤT
A145: Yield for the month 1/2026 / SẢN LƯỢNG THÁNG 1 NĂM 2026
B146: % DRC Cup Lump/mủ đông chén: 49 % | G146: % DRC Tree Lace/mủ dây: 60 %
A147: No, | B147: Full Name | C147: Employee ID | D147: Total Cup Lump /TỔNG MỦ ĐÔNG - DRC: 49% | H147: Total Tree Lace/TỔNG MỦ DÂY(NL) - DRC 60% | K147: Total Earth Scrap /TỔNG MỦ ĐẤT -DRC 22% | N147: Total Dry Rubber | O147: Signature Worker CÔNG NHÂN KÍ TÊN
A149: STT | B149: HỌ VÀ TÊN | C149: Mã số CN | D149: Group /NHÓM | G149: Total Dry Cup Lump /Tổng Quy Khô Mủ Đông | H149: Group /NHÓM | J149: Total Dry Tree Lace Tổng Quy Khô Mủ Dây | K149: Group /NHÓM | M149: Total Dry Earth Scrap Tổng Quy Khô Mủ Đất | N149: TỔNG Sản Lượng Quy Khô
D151: Grade I | E151: Grade II | F151: Dry Tree lace Rubber | H151: KG | I151: Dry Tree lace Rubber | K151: KG | L151: Dry Eath Scrap Rubber
D152: Loại I | E152: Loại II | F152: QK | G152: KG | H152: KG | I152: QK | J152: KG | K152: KG | L152: QK | M152: KG | N152: KG
B153: ='T7'!D8 | C153: ='T7'!E8 | D153: ='T7'!V8+'T7'!V29+'T7'!V50+'T7'!V71-E153 | F153: =(D153+E153)*0.49 | G153: =F153 | H153: ='Mủ dây'!N92 | I153: =H153*0.6 | J153: =I153 | K153: ='Mủ đất'!N86 | L153: =K153*0.22 | M153: =L153 | N153: =G153+J153+M153
A154: Total / TC | D154: =SUM(D153:D153) | E154: =SUM(E153:E153) | F154: =SUM(F153:F153) | G154: =SUM(G153:G153) | H154: =SUM(H153:H153) | I154: =SUM(I153:I153) | J154: =SUM(J153:J153) | K154: =SUM(K153:K153) | ... N154: =SUM(N153:N153)
A155: Notes / GHI CHÚ: II / Mủ đạt: Loại I, Không đạt: Loại II
A156: …………….……….....………..….…………………..……………...…………..…………………………...……..…………...……………………………….......................................................................................................................................
B157: Zone | J157: Manager Farm Unit
B158: KHU VỰC 7 | J158: ĐỘI SẢN XUẤT
A169: Yield for the month 1/2026 / SẢN LƯỢNG THÁNG 1 NĂM 2026
B170: % DRC Cup Lump/mủ đông chén: 49 % | G170: % DRC Tree Lace/mủ dây: 60 %
A171: No, | B171: Full Name | C171: Employee ID | D171: Total Cup Lump /TỔNG MỦ ĐÔNG - DRC: 49% | H171: Total Tree Lace/TỔNG MỦ DÂY(NL) - DRC 60% | K171: Total Earth Scrap /TỔNG MỦ ĐẤT -DRC 22% | N171: Total Dry Rubber | O171: Signature Worker CÔNG NHÂN KÍ TÊN
A173: STT | B173: HỌ VÀ TÊN | C173: Mã số CN | D173: Group /NHÓM | G173: Total Dry Cup Lump /Tổng Quy Khô Mủ Đông | H173: Group /NHÓM | J173: Total Dry Tree Lace Tổng Quy Khô Mủ Dây | K173: Group /NHÓM | M173: Total Dry Earth Scrap Tổng Quy Khô Mủ Đất | N173: TỔNG Sản Lượng Quy Khô
D175: Grade I | E175: Grade II | F175: Dry Tree lace Rubber | H175: KG | I175: Dry Tree lace Rubber | K175: KG | L175: Dry Eath Scrap Rubber
D176: Loại I | E176: Loại II | F176: QK | G176: KG | H176: KG | I176: QK | J176: KG | K176: KG | L176: QK | M176: KG | N176: KG
B177: ='T8'!D8 | C177: ='T8'!E8 | D177: ='T8'!V8+'T8'!V29+'T8'!V50+'T8'!V71-E177 | F177: =(D177+E177)*0.49 | G177: =F177 | H177: ='Mủ dây'!N106 | I177: =H177*0.6 | J177: =I177 | K177: ='Mủ đất'!N99 | L177: =K177*0.22 | M177: =L177 | N177: =G177+J177+M177
A178: Total / TC | D178: =SUM(D177:D177) | E178: =SUM(E177:E177) | F178: =SUM(F177:F177) | G178: =SUM(G177:G177) | H178: =SUM(H177:H177) | I178: =SUM(I177:I177) | J178: =SUM(J177:J177) | K178: =SUM(K177:K177) | ... N178: =SUM(N177:N177)
A179: Notes / GHI CHÚ: II / Mủ đạt: Loại I, Không đạt: Loại II
A180: …………….……….....………..….…………………..……………...…………..…………………………...……..…………...……………………………….......................................................................................................................................
B181: Zone | J181: Manager Farm Unit
B182: KHU VỰC 8 | J182: ĐỘI SẢN XUẤT
A193: Yield for the month 1/2026 / SẢN LƯỢNG THÁNG 1 NĂM 2026
B194: % DRC Cup Lump/mủ đông chén: 49 % | G194: % DRC Tree Lace/mủ dây: 60 %
A195: No, | B195: Full Name | C195: Employee ID | D195: Total Cup Lump /TỔNG MỦ ĐÔNG - DRC: 49% | H195: Total Tree Lace/TỔNG MỦ DÂY(NL) - DRC 60% | K195: Total Earth Scrap /TỔNG MỦ ĐẤT -DRC 22% | N195: Total Dry Rubber | O195: Signature Worker CÔNG NHÂN KÍ TÊN
A197: STT | B197: HỌ VÀ TÊN | C197: Mã số CN | D197: Group /NHÓM | G197: Total Dry Cup Lump /Tổng Quy Khô Mủ Đông | H197: Group /NHÓM | J197: Total Dry Tree Lace Tổng Quy Khô Mủ Dây | K197: Group /NHÓM | M197: Total Dry Earth Scrap Tổng Quy Khô Mủ Đất | N197: TỔNG Sản Lượng Quy Khô
...

Sheet Sheet5
A1: NOTES SECTION /PHẦN GHI CHÉP
